aguillond0,aguillond0@stanford.edu,6atcTgiFz2B,1,2002-02-24,Ailbert Guillond
apavlasek1,apavlasek1@shinystat.com,WhSO5oi,2,2010-09-02,Austina Pavlasek
bheers2,bheers2@canalblog.com,TczxcI,3,2003-02-01,Brodie Heers
scurgenuer3,scurgenuer3@github.com,rSBjmKBn,4,2009-07-23,Stacey Curgenuer
bbambury4,bbambury4@archive.org,r5ALZIQRBp,5,1990-03-10,Burtie Bambury
emcelhargy5,emcelhargy5@columbia.edu,YZiUkCll,6,2005-01-21,Ezri McElhargy
lrockcliff6,lrockcliff6@ucoz.ru,uyMDFYyI,7,2001-01-04,Lynnell Rockcliff
hrussilll7,hrussilll7@pagesperso-orange.fr,wm7vmdryM,8,1989-07-18,Heida Russilll
jbellwood8,jbellwood8@auda.org.au,QGOVxuQ,9,1992-04-09,Junina Bellwood
astonebanks9,astonebanks9@google.nl,OOre04I,10,2012-01-19,Ashlie Stonebanks
esutterfielda,esutterfielda@dyndns.org,kjJoDoD,11,1985-04-19,Esteban Sutterfield
cdumphreysb,cdumphreysb@seattletimes.com,Tonh7z3,12,2011-03-08,Cecil Dumphreys
sessamc,sessamc@behance.net,gmd7Iu0,13,1989-12-08,Sheri Essam
mantoschd,mantoschd@vinaora.com,yVpl04VR,14,1986-03-06,Melisse Antosch
kmatessiane,kmatessiane@freewebs.com,n2bSIq,15,1992-05-12,Kass Matessian
agilletf,agilletf@archive.org,crHjdQ3tRkg,16,1989-04-05,Alphonse Gillet
reastopeg,reastopeg@reuters.com,WYnW6xSalxz,17,1998-04-21,Rem Eastope
itessierh,itessierh@weather.com,k0sGTTLM7fs,18,2008-06-07,Ike Tessier
irunnaclesi,irunnaclesi@psu.edu,xzo1l16,19,2000-10-10,Idelle Runnacles
idej,idej@infoseek.co.jp,zxzqZK,20,2002-06-06,Isabel De Meis
scucksonk,scucksonk@boston.com,vWl4wGBt8C,21,1998-06-17,Shay Cuckson
gdyhousel,gdyhousel@nyu.edu,0kQ8i2i,22,1994-11-29,Genni Dyhouse
sshellym,sshellym@stanford.edu,De1AjS5TKk,23,2001-12-14,Shaina Shelly
arookwelln,arookwelln@symantec.com,uH4Xjz,24,1994-07-06,Aurelie Rookwell
pfaccinio,pfaccinio@moonfruit.com,a01z43m9K,25,2009-07-24,Pietro Faccini
nleatherborrowp,nleatherborrowp@boston.com,CPE3T6euN3jc,26,1987-07-10,Nathalie Leatherborrow
aiggaldenq,aiggaldenq@businesswire.com,Ufrljodbp5O,27,1986-02-28,Ansel Iggalden
agiraldonr,agiraldonr@list-manage.com,b08pbba,28,2002-11-02,Anni Giraldon
twychards,twychards@prweb.com,H7LSPtLJXmwr,29,1991-09-29,Timoteo Wychard
episcot,episcot@issuu.com,IYyPfbIqa,30,2011-05-28,Emmey Pisco
onortheastu,onortheastu@senate.gov,ddvcsurXvd,31,1992-01-04,Orton Northeast
kkobpav,kkobpav@tinyurl.com,oaofS9qKn,32,1989-03-02,Kingsley Kobpa
bmenauteauw,bmenauteauw@devhub.com,l6k3zGgILXVD,33,1995-08-24,Brandie Menauteau
rmoensx,rmoensx@360.cn,1rCotNI8t5oX,34,2011-01-08,Ragnar Moens
dbruinsmay,dbruinsmay@ft.com,RQGhQXXr,35,1990-12-22,Durante Bruinsma
hgoundrillz,hgoundrillz@e-recht24.de,bnJy36uI7XG,36,1984-10-09,Homerus Goundrill
alanglands10,alanglands10@state.tx.us,mydK5kdq,37,1999-03-31,Aile Langlands
lcummungs11,lcummungs11@shop-pro.jp,r4pv8y,38,1988-12-26,Linea Cummungs
mbravery12,mbravery12@parallels.com,l38LEVjlme,39,1992-06-11,Minda Bravery
vfalck13,vfalck13@auda.org.au,YQb57hIev,40,1991-08-18,Vicky Falck
hrenac14,hrenac14@shareasale.com,6FLeWJV6,41,2002-02-25,Homerus Renac
bsandle15,bsandle15@java.com,yepAhCuOjl,42,2011-07-18,Bernardina Sandle
dnewhouse16,dnewhouse16@xing.com,JIZwVhCE,43,1997-02-28,Doralyn Newhouse
cmcbrier17,cmcbrier17@themeforest.net,a3vRJiJlU,44,1993-05-10,Cami McBrier
knuss18,knuss18@netlog.com,GQs0CCcgA5x,45,1991-07-02,Karlie Nuss
wtesauro19,wtesauro19@canalblog.com,odoLCWFC,46,2012-01-26,Walther Tesauro
mbarrasse1a,mbarrasse1a@naver.com,27rxG8PHeioc,47,2003-08-11,Marie-jeanne Barrasse
bapdell1b,bapdell1b@ucla.edu,1Q9ulNn,48,1993-08-15,Bernardina Apdell
cfassbender1c,cfassbender1c@rakuten.co.jp,i1qXxSbT,49,1995-07-31,Callie Fassbender
gmccambrois1d,gmccambrois1d@multiply.com,zZnOUutU0,50,1998-05-01,Gris McCambrois
pgoodswen1e,pgoodswen1e@upenn.edu,cGo3LLIvRPC,51,2012-02-16,Pepita Goodswen
lslimings1f,lslimings1f@clickbank.net,O8euat,52,2003-02-26,Lorianna Slimings
ashovel1g,ashovel1g@imageshack.us,yie37L05VuZ,53,1987-04-30,Alexa Shovel
nde1h,nde1h@facebook.com,NRYv8n,54,1994-12-21,Nanni De Minico
ipoizer1i,ipoizer1i@networksolutions.com,SMCfmYN,55,1985-01-26,Ivory Poizer
kpriden1j,kpriden1j@marriott.com,B6ts2O,56,1997-03-08,Konstantin Priden
ewallenger1k,ewallenger1k@xinhuanet.com,UzlQdODkZ2m,57,1993-04-19,Emmy Wallenger
cbrimblecombe1l,cbrimblecombe1l@plala.or.jp,jYo73ypYe,58,1987-10-29,Corella Brimblecombe
twealthall1m,twealthall1m@answers.com,ZMsiPg,59,1995-07-20,Taffy Wealthall
jlequeux1n,jlequeux1n@usgs.gov,6Fl6iCRs,60,1992-07-19,Joline Lequeux
cthornebarrow1o,cthornebarrow1o@timesonline.co.uk,uFjPmnrp,61,1993-03-10,Celle Thornebarrow
hgerholz1p,hgerholz1p@amazon.com,plbMaSFL1,62,1987-07-09,Hansiain Gerholz
gbartoletti1q,gbartoletti1q@whitehouse.gov,XJdMWubNcSM,63,1993-01-28,Gladi Bartoletti
bleynham1r,bleynham1r@patch.com,7jzk2GXtznjt,64,2005-02-14,Bink Leynham
kschollar1s,kschollar1s@elpais.com,tJXetmF,65,2001-10-13,Kally Schollar
kvasse1t,kvasse1t@cafepress.com,VQ8pp9fRC4fn,66,1994-12-25,Kathlin Vasse
akidner1u,akidner1u@sohu.com,2ksA4kfahKp,67,2007-05-08,Amelina Kidner
kaharoni1v,kaharoni1v@themeforest.net,cUSv0MSUh,68,1993-11-11,Kelcie Aharoni
kmuskett1w,kmuskett1w@discovery.com,p9OVKkwEaY,69,1994-06-29,Kyrstin Muskett
ocorke1x,ocorke1x@vk.com,1mohowG,70,1995-11-23,Otis Corke
hcawkwell1y,hcawkwell1y@delicious.com,39UOH4xy5MK,71,2000-02-09,Hurley Cawkwell
jjiran1z,jjiran1z@cocolog-nifty.com,VI9FBjjH3PUJ,72,1993-08-22,Jolee Jiran
tadey20,tadey20@intel.com,A51IwmRhMkhr,73,1989-07-21,Theresa Adey
lfogel21,lfogel21@bing.com,gOfvYvoyG,74,1985-12-28,Lawrence Fogel
rrolland22,rrolland22@google.es,yz8TQhmIH,75,2011-10-20,Renie Rolland
bsall23,bsall23@phoca.cz,V6nKfvY,76,2012-05-10,Bondie Sall
plorman24,plorman24@indiatimes.com,nSOVHO,77,1988-10-26,Peta Lorman
abrabben25,abrabben25@bravesites.com,vVHV42b,78,2001-07-25,Angus Brabben
tdeares26,tdeares26@samsung.com,3yw9V0LYC7,79,1998-05-08,Tamiko Deares
kbilson27,kbilson27@quantcast.com,4HubRDf5on,80,1990-05-22,Kary Bilson
enorthern28,enorthern28@mozilla.com,PLvXDCU,81,1997-03-22,Edmund Northern
bingley29,bingley29@dropbox.com,tgbVzOTEGabE,82,1998-05-04,Benedick Ingley
msoper2a,msoper2a@flavors.me,sQ78yNZ,83,1986-02-06,Maurits Soper
bweed2b,bweed2b@tmall.com,Emp5P0MnJ,84,2002-10-17,Benton Weed
gsiehard2c,gsiehard2c@de.vu,Hl9CYgraBD,85,1987-02-11,Gui Siehard
acapelin2d,acapelin2d@chicagotribune.com,usZQUd,86,1988-03-30,Anya Capelin
rwhickman2e,rwhickman2e@nhs.uk,NhAZ1vVWB1I,87,2002-01-06,Reena Whickman
rvogel2f,rvogel2f@un.org,TojLIkf,88,2011-06-13,Roxie Vogel
akynett2g,akynett2g@alibaba.com,3Mcd3m,89,1999-02-14,Arri Kynett
znethercott2h,znethercott2h@usnews.com,EuKL6icDDKm,90,1996-09-27,Zita Nethercott
aeuesden2i,aeuesden2i@over-blog.com,iqZDsJQTcWXR,91,1993-07-31,Alex Euesden
oradley2j,oradley2j@oakley.com,qKjWt1nA,92,2005-07-09,Olga Radley
nransbury2k,nransbury2k@youtu.be,HnSTNufcD,93,2010-08-26,Ninette Ransbury
ewallman2l,ewallman2l@oaic.gov.au,sCtHCh,94,1986-10-24,Elwood Wallman
sdeverock2m,sdeverock2m@pagesperso-orange.fr,rSHM74TAjZKO,95,2008-03-24,Stinky Deverock
tloraine2n,tloraine2n@prnewswire.com,W0u9Gbk,96,1995-09-20,Tersina Loraine
zpeealess2o,zpeealess2o@ning.com,WwtIory,97,1985-06-29,Zara Peealess
eferonet2p,eferonet2p@upenn.edu,f7VAc7,98,1999-09-19,Elset Feronet
smatysik2q,smatysik2q@photobucket.com,kkdrrEVhhJfh,99,1997-11-14,Shelby Matysik
bsedman2r,bsedman2r@accuweather.com,GXQhWcAZT7,100,1986-08-12,Byran Sedman
nbockmaster2s,nbockmaster2s@google.com.au,C9l7tCkHR,101,1996-08-23,Nicko Bockmaster
brolls2t,brolls2t@stanford.edu,z8Uo61JapA0,102,2007-04-24,Broderic Rolls
cmilbank2u,cmilbank2u@ocn.ne.jp,l3Pmbb,103,1993-03-11,Cathy Milbank
esaipy2v,esaipy2v@google.co.jp,LPV37cC1jFS,104,1998-07-11,Ewan Saipy
bjodrelle2w,bjodrelle2w@addtoany.com,JUtsL4b0,105,2010-01-03,Blake Jodrelle
irosser2x,irosser2x@rakuten.co.jp,4Ex8KAdbCju,106,1990-09-03,Irving Rosser
dpettit2y,dpettit2y@vkontakte.ru,wlKwS91OJK9,107,2006-09-01,Doris Pettit
kbrum2z,kbrum2z@xing.com,96SYmNussGd,108,1988-11-08,Kacy Brum
rshortan30,rshortan30@histats.com,PP8pIuHgr,109,1997-06-14,Renate Shortan
fquested31,fquested31@nps.gov,i8zBP249yNsB,110,2000-09-04,Felicdad Quested
ascoterbosh32,ascoterbosh32@nymag.com,CTnlUfb,111,2000-01-26,Adolpho Scoterbosh
tshenton33,tshenton33@indiatimes.com,FhwHD3cd,112,2001-06-14,Tammy Shenton
gdominicacci34,gdominicacci34@artisteer.com,82wIknuAx,113,1985-07-08,Guillemette Dominicacci
jlaurentino35,jlaurentino35@pagesperso-orange.fr,wvtdPJsRf65U,114,1994-09-29,Jaime Laurentino
acurtayne36,acurtayne36@washingtonpost.com,0fQVsW,115,1987-04-14,Alwin Curtayne
hguiton37,hguiton37@taobao.com,VH2CJ7q80hfT,116,2002-06-19,Honor Guiton
ajeppe38,ajeppe38@infoseek.co.jp,88nhK90Kjn06,117,1993-01-21,Anni Jeppe
gklimentov39,gklimentov39@reuters.com,R66vrWiSha1T,118,1986-12-31,Georgi Klimentov
bcoupman3a,bcoupman3a@ft.com,cmBvt2i,119,2012-06-26,Becky Coupman
cbordessa3b,cbordessa3b@hao123.com,hrcKUwaqIX4,120,1995-02-17,Carmelia Bordessa
acatteroll3c,acatteroll3c@umich.edu,8lO3IawWMI4R,121,2001-03-18,Almire Catteroll
mokeevan3d,mokeevan3d@constantcontact.com,w4Y8J8tto4o,122,1993-03-08,Merla O'Keevan
owarnes3e,owarnes3e@bravesites.com,tIbmaryfpN,123,2004-01-27,Olivia Warnes
wdelgardillo3f,wdelgardillo3f@drupal.org,hSo0niUINES,124,1989-10-07,Wilhelmine Delgardillo
mgarlinge3g,mgarlinge3g@linkedin.com,utBC9chj4,125,1988-09-02,Maurizia Garlinge
ckinder3h,ckinder3h@amazon.de,4sgJvBcO6P,126,2002-12-20,Camey Kinder
abonifacio3i,abonifacio3i@tinypic.com,bOkF8eITA,127,1984-08-31,Arri Bonifacio
bquarrington3j,bquarrington3j@redcross.org,5B0kIuMlF,128,1985-06-25,Beatrice Quarrington
jalfonsetto3k,jalfonsetto3k@1und1.de,8gkuzVsmM,129,1999-04-17,Janelle Alfonsetto
lfrancescoccio3l,lfrancescoccio3l@skype.com,P7QyCB,130,1997-05-14,Link Francescoccio
gmeeny3m,gmeeny3m@soundcloud.com,Nol32u5nvz,131,2009-07-04,Gilberte Meeny
pferrini3n,pferrini3n@google.cn,uJs2FEeDM74s,132,2005-08-04,Peadar Ferrini
celgram3o,celgram3o@github.io,RgsyF7GK,133,2008-11-21,Cathie Elgram
gorigin3p,gorigin3p@salon.com,L4r6Z2,134,2011-03-27,Gayla Origin
asacco3q,asacco3q@angelfire.com,ooy36bpINFJo,135,1997-07-29,Annabela Sacco
bodowling3r,bodowling3r@feedburner.com,pLr9Qipy3lD,136,2009-05-27,Barty O'Dowling
djurasek3s,djurasek3s@gizmodo.com,g379D53moXuD,137,2002-05-04,Doyle Jurasek
bconniam3t,bconniam3t@sakura.ne.jp,UDir2462Zt,138,2002-04-27,Barny Conniam
dhurling3u,dhurling3u@pbs.org,5nM76I,139,2003-05-12,Drusi Hurling
pkleingrub3v,pkleingrub3v@netvibes.com,mkraz5,140,2004-09-24,Phil Kleingrub
kwright3w,kwright3w@youtube.com,wYU1H5,141,1999-07-08,Kalina Wright
rquince3x,rquince3x@paypal.com,YqFap4c,142,2007-03-22,Rowen Quince
nelwel3y,nelwel3y@ocn.ne.jp,rdRsCom3oq,143,1987-05-09,Northrop Elwel
gschottli3z,gschottli3z@mac.com,6NpGcDeRElnP,144,2007-01-07,Gwenette Schottli
drapkins40,drapkins40@flickr.com,9EjcNsca,145,1985-07-27,Demetre Rapkins
rweeks41,rweeks41@disqus.com,0isOxR2Mr2WY,146,1986-07-02,Rubia Weeks
ctipperton42,ctipperton42@networksolutions.com,DZyKDpkNI,147,2000-02-18,Con Tipperton
lhaveline43,lhaveline43@github.com,C4R3UXQ0k,148,2002-10-09,Lazare Haveline
bricciardiello44,bricciardiello44@comcast.net,TbfGOKSjYF9i,149,1997-03-10,Boyce Ricciardiello
idowns45,idowns45@spotify.com,ePpfk6,150,1990-01-30,Inger Downs
fblower46,fblower46@pen.io,vDXUzHNPWrkx,151,2010-02-15,Filbert Blower
bmccraine47,bmccraine47@altervista.org,mgTnOK7tOt,152,1997-02-01,Brittne McCraine
ashovlar48,ashovlar48@cyberchimps.com,IUYfBk6,153,1988-09-21,Alexis Shovlar
sgabala49,sgabala49@unicef.org,2TNZPD,154,1988-02-26,Scott Gabala
jhitter4a,jhitter4a@yellowpages.com,vewpEa4,155,1991-11-05,Jaimie Hitter
fstanmer4b,fstanmer4b@comcast.net,EHJB2Wy,156,2007-05-01,Fredek Stanmer
dcolthard4c,dcolthard4c@deliciousdays.com,gjwqm1,157,1986-01-05,Denny Colthard
eoda4d,eoda4d@chronoengine.com,CbjWSsmUwFJ,158,2001-04-01,Edie Oda
kbray4e,kbray4e@dmoz.org,Vvb8NbIDOBqq,159,1987-07-23,Keefer Bray
ktibald4f,ktibald4f@newyorker.com,LUF5xEc,160,2010-04-25,Kerrill Tibald
golunny4g,golunny4g@xinhuanet.com,WSmVtijF,161,1989-11-26,Gertruda O'Lunny
lrieger4h,lrieger4h@howstuffworks.com,zr89Mb,162,1993-05-26,Lucian Rieger
lgreenstreet4i,lgreenstreet4i@ezinearticles.com,kMdLMQEGIaV,163,2003-02-01,Law Greenstreet
cmackilpatrick4j,cmackilpatrick4j@reddit.com,Cdis7bCMA,164,1986-11-25,Cleavland Mackilpatrick
kterren4k,kterren4k@skype.com,9OAU5KWic,165,1985-12-04,Katlin Terren
ppaolinelli4l,ppaolinelli4l@spiegel.de,FPRsVZr,166,1993-03-07,Prissie Paolinelli
mprover4m,mprover4m@foxnews.com,oSGJrS2x,167,2007-11-30,Meridel Prover
mmaccostye4n,mmaccostye4n@shareasale.com,Q31c9q0h,168,2003-08-21,Merwin MacCostye
mfellgate4o,mfellgate4o@desdev.cn,3L52xhh8GNvX,169,1987-05-07,Myrtie Fellgate
mdurston4p,mdurston4p@simplemachines.org,WTDEtGtlhfgr,170,1994-09-30,Margaret Durston
cleggis4q,cleggis4q@unesco.org,1vWXtGP,171,1995-02-14,Clim Leggis
oramsbottom4r,oramsbottom4r@vimeo.com,iRwQOYD90JzV,172,2004-09-12,Orion Ramsbottom
swinfindine4s,swinfindine4s@posterous.com,fPBVofuKo8i,173,1984-07-11,Shellie Winfindine
gfreire4t,gfreire4t@cpanel.net,XPrqPLnePT,174,1991-02-05,Gert Freire
llogg4u,llogg4u@angelfire.com,zzSa9VjS0n,175,2010-04-02,Linnea Logg
kgrzeszczak4v,kgrzeszczak4v@livejournal.com,zJNMW7HO6ka8,176,2002-03-06,Kurtis Grzeszczak
hrother4w,hrother4w@newsvine.com,PreFuVGvO,177,2005-05-31,Herve Rother
efeaks4x,efeaks4x@trellian.com,SfsvXj,178,2011-11-27,Elianore Feaks
awilcock4y,awilcock4y@gnu.org,yhdzKxhalvj,179,2006-03-27,Adoree Wilcock
mbedder4z,mbedder4z@theguardian.com,FrNrudNyl,180,1992-10-20,Marv Bedder
dgrantham50,dgrantham50@feedburner.com,qBWOgXc,181,2010-05-28,Dulce Grantham
ssprosson51,ssprosson51@t.co,NeBaVw,182,2000-06-04,Selma Sprosson
lbrindle52,lbrindle52@sina.com.cn,hCVTZNo9,183,1994-03-29,Lynsey Brindle
gbithell53,gbithell53@ft.com,ztl5dqlKO,184,1994-11-21,Georgetta Bithell
bastall54,bastall54@angelfire.com,2g9ut8l,185,2004-10-18,Briano Astall
ecornels55,ecornels55@nih.gov,5XgHnN,186,2003-10-15,Ettore Cornels
njakoubec56,njakoubec56@va.gov,fNiERLsu0,187,1985-01-17,Ninetta Jakoubec
cbendik57,cbendik57@geocities.jp,1ASu6CKI2,188,1991-07-21,Carlyle Bendik
hmattielli58,hmattielli58@goodreads.com,HiYGFnRzqbn,189,1985-11-25,Hy Mattielli
mmargaritelli59,mmargaritelli59@privacy.gov.au,9l7AXA,190,1988-09-08,Muhammad Margaritelli
rkeable5a,rkeable5a@studiopress.com,1KO16rxsprW,191,2012-04-26,Rance Keable
fhargie5b,fhargie5b@godaddy.com,fsoExmgLYb,192,1998-01-10,Felisha Hargie
econstable5c,econstable5c@foxnews.com,ywGEkIWYnR,193,2002-10-30,Emmett Constable
rcoppenhall5d,rcoppenhall5d@odnoklassniki.ru,y9DMlOM28,194,2010-03-23,Robinett Coppenhall
ptippin5e,ptippin5e@cbsnews.com,rRgOL1jsA04,195,2011-05-16,Piotr Tippin
tstive5f,tstive5f@ibm.com,SFO1nVikXg,196,1993-10-14,Tamarah Stive
pbudleigh5g,pbudleigh5g@intel.com,FZjSU9Pze,197,1991-11-08,Pattin Budleigh
mroony5h,mroony5h@economist.com,Sj8WVXaKC4XV,198,1988-04-15,Miguel Roony
latwater5i,latwater5i@mysql.com,bnfTrqKcHjqd,199,1999-04-06,Lacey Atwater
bgeraudy5j,bgeraudy5j@seattletimes.com,htdhDpBo,200,2011-05-20,Berrie Geraudy
efeavers5k,efeavers5k@jigsy.com,E4vJOd4u,201,2003-03-26,Ediva Feavers
tbarukh5l,tbarukh5l@fda.gov,Iy3ISx,202,2002-04-22,Tammi Barukh
rreisin5m,rreisin5m@ehow.com,ySHsk1jYv5ra,203,1987-09-27,Ralina Reisin
asergeant5n,asergeant5n@seesaa.net,4b9Ko05ymq,204,1989-12-07,Ann Sergeant
eblues5o,eblues5o@stumbleupon.com,Ahmhob3,205,2002-01-22,Edyth Blues
lybarra5p,lybarra5p@macromedia.com,6xL3EPR,206,2010-11-30,Loni Ybarra
cdebling5q,cdebling5q@desdev.cn,6WPP8bVE,207,1993-01-18,Charley Debling
elarcher5r,elarcher5r@google.com,eVVHlI,208,2009-08-13,Elsie L'Archer
orennenbach5s,orennenbach5s@ehow.com,PibgZl,209,2001-05-18,Osbert Rennenbach
dmourge5t,dmourge5t@shinystat.com,MhUSRE6U,210,1989-06-12,Derby Mourge
togleasane5u,togleasane5u@amazon.com,DGFyVMldcfn,211,2007-03-20,Theresa O'Gleasane
ptalkington5v,ptalkington5v@miitbeian.gov.cn,f8iIGGcv8uh,212,1995-07-27,Pall Talkington
kfayerbrother5w,kfayerbrother5w@salon.com,1P20qI,213,1985-04-14,Kameko Fayerbrother
mhunstone5x,mhunstone5x@twitter.com,fVorFepgw7u,214,2005-09-20,Maggie Hunstone
aparfett5y,aparfett5y@ucoz.com,2WPRHZpWwk48,215,2011-07-13,Anneliese Parfett
zscutchings5z,zscutchings5z@cmu.edu,eG5deM,216,1989-04-17,Zorina Scutchings
cminnock60,cminnock60@sina.com.cn,ALzTZCa,217,2006-04-09,Constantino Minnock
hlerven61,hlerven61@jigsy.com,RDUYw9Y5hgH,218,1998-01-11,Hilary Lerven
cprimak62,cprimak62@abc.net.au,k5A1poYdMm,219,1998-11-18,Chrissy Primak
mprattington63,mprattington63@biglobe.ne.jp,Iq1BCifWPO,220,2008-11-23,Maible Prattington
lgodilington64,lgodilington64@reuters.com,PZPNe5IwWxVi,221,1995-01-13,Lorant Godilington
abogart65,abogart65@ucsd.edu,RlqEgaB5,222,2000-12-19,Almeria Bogart
rkemet66,rkemet66@prnewswire.com,zVE5Wi,223,1993-11-04,Rianon Kemet
nemanueli67,nemanueli67@ocn.ne.jp,uj2yGausa6rz,224,2012-09-12,Nollie Emanueli
mvossgen68,mvossgen68@go.com,TCQHJDSIw0,225,2005-05-18,Muriel Vossgen
cbridewell69,cbridewell69@gnu.org,ju4Y5Pb1,226,1997-04-02,Carola Bridewell
bmccarlich6a,bmccarlich6a@delicious.com,s4C0HZ,227,1987-12-29,Brok McCarlich
wmalcolm6b,wmalcolm6b@hhs.gov,UEBSh9lWpz,228,1996-01-26,Welby Malcolm
dlusted6c,dlusted6c@1688.com,zT0M2lSbcK,229,1989-01-24,Di Lusted
dlademann6d,dlademann6d@msn.com,tULDKy,230,2000-02-18,Dov Lademann
apitson6e,apitson6e@cpanel.net,7b44aL,231,1988-06-23,Abner Pitson
cceeley6f,cceeley6f@house.gov,SZ42gq3FB7Hp,232,2003-12-01,Cynthie Ceeley
mkybert6g,mkybert6g@craigslist.org,VdnbFyZJCJ,233,1990-09-27,Marin Kybert
bmarzello6h,bmarzello6h@cam.ac.uk,ZS8MdceS,234,1991-04-27,Betta Marzello
erounsefell6i,erounsefell6i@cornell.edu,YycvZ5,235,2012-06-04,Ermina Rounsefell
eosiaghail6j,eosiaghail6j@bloglines.com,lozmWJRWg7vI,236,1990-04-25,Ezmeralda O'Siaghail
cox6k,cox6k@com.com,GB6yTnrYd,237,2001-11-03,Celia Ox
alechmere6l,alechmere6l@php.net,qUXP3BKDku,238,1995-09-06,Abraham Lechmere
jsnibson6m,jsnibson6m@reddit.com,MkPu11am,239,1985-05-05,Jorgan Snibson
dfalconbridge6n,dfalconbridge6n@va.gov,SgyVDd,240,1991-02-18,Douglas Falconbridge
abisley6o,abisley6o@imgur.com,zAYuV0ylnUvs,241,1990-01-08,Aurlie Bisley
agrigaut6p,agrigaut6p@craigslist.org,TPIwrIsdvZ,242,2010-04-16,Analiese Grigaut
ltrafford6q,ltrafford6q@wisc.edu,AmOYUJNUHd,243,2000-01-21,Lambert Trafford
rsurby6r,rsurby6r@quantcast.com,bWObyN,244,2008-07-11,Ruggiero Surby
brawne6s,brawne6s@goodreads.com,DZIrMm,245,1995-11-11,Betsy Rawne
lcade6t,lcade6t@nps.gov,JlznETcG05GK,246,1995-02-07,Laverna Cade
gspohrmann6u,gspohrmann6u@hubpages.com,1Qhf0IGVAFL,247,2007-11-10,Ginnie Spohrmann
jpickavant6v,jpickavant6v@networksolutions.com,8dqTtZL3Zz,248,1997-05-15,Jerrilee Pickavant
gpicott6w,gpicott6w@zdnet.com,ELYS2ke,249,1999-11-09,Gail Picott
tmccromley6x,tmccromley6x@furl.net,zmMvGFN9UlyH,250,2007-07-29,Tonnie McCromley
ssinkin6y,ssinkin6y@weather.com,rJA6715N,251,1991-07-31,Sydelle Sinkin
swatton6z,swatton6z@elegantthemes.com,PLkrrG0,252,2004-07-11,Suzanne Watton
kgetty70,kgetty70@cafepress.com,JVjYHi,253,1995-03-12,Kelvin Getty
hhasley71,hhasley71@microsoft.com,MnDakDLHhvN,254,1989-12-20,Honoria Hasley
cgabbitus72,cgabbitus72@harvard.edu,uIUD3oiD4,255,1989-06-26,Chick Gabbitus
mcaillou73,mcaillou73@ebay.co.uk,BxlfES,256,2005-10-09,Meg Caillou
edunks74,edunks74@naver.com,9Qa0MP6NHO,257,2011-12-25,Ernie Dunks
hterese75,hterese75@pbs.org,cEcO73h8R0,258,2006-07-23,Hedda Terese
gbrotherhed76,gbrotherhed76@live.com,4vs3PUKm,259,2000-05-04,Grantley Brotherhed
agunthorpe77,agunthorpe77@jugem.jp,ASPiLl9,260,2002-05-24,Alano Gunthorpe
rwhettleton78,rwhettleton78@yellowpages.com,jrwot4Kr6K,261,1989-02-17,Robin Whettleton
aduckinfield79,aduckinfield79@e-recht24.de,C59wBBa,262,1991-01-11,Angeli Duckinfield
ctremayle7a,ctremayle7a@dagondesign.com,GdicS1Ip3Of,263,1997-08-30,Christel Tremayle
ctregidga7b,ctregidga7b@google.de,TBBiUxzYmtP,264,2000-03-19,Carmelle Tregidga
cblackbrough7c,cblackbrough7c@feedburner.com,lIL93O,265,1986-02-27,Concordia Blackbrough
mbeauly7d,mbeauly7d@squarespace.com,1pBjx6KBU,266,1998-08-02,Melanie Beauly
ostallan7e,ostallan7e@privacy.gov.au,1s7K9x9,267,1990-03-18,Orel Stallan
igoodridge7f,igoodridge7f@trellian.com,WMDcmU,268,1993-12-18,Imogen Goodridge
pgreaterex7g,pgreaterex7g@tmall.com,reAXkm,269,1992-12-03,Phil Greaterex
hdureden7h,hdureden7h@usatoday.com,amugwH,270,2000-06-21,Howey Dureden
aland7i,aland7i@whitehouse.gov,sk5kGsKCxts,271,1986-07-03,Alejoa Land
asprigin7j,asprigin7j@dagondesign.com,goAT0VipOYzj,272,1990-08-22,Arin Sprigin
ggayton7k,ggayton7k@cbsnews.com,JCITSPXn1Y40,273,2001-02-22,Gris Gayton
cleele7l,cleele7l@mashable.com,XONsqXT,274,1996-12-25,Cassandry Leele
htitmuss7m,htitmuss7m@phpbb.com,N3hAQm6i2k,275,2003-08-30,Haydon Titmuss
cwindrum7n,cwindrum7n@spiegel.de,ZPnngwmb6nn,276,1999-09-05,Caz Windrum
wswyn7o,wswyn7o@myspace.com,fSl3rZ,277,1986-08-15,Wake Swyn
marnaud7p,marnaud7p@biblegateway.com,71ARd0AG3m,278,2008-09-13,Millard Arnaud
rhaxley7q,rhaxley7q@tinypic.com,frxjq0esjn,279,1991-05-01,Ronalda Haxley
lpriddy7r,lpriddy7r@goo.ne.jp,Ey3n3DLZ,280,2002-07-01,Luz Priddy
kgoodacre7s,kgoodacre7s@unblog.fr,o9yXkJ8HU,281,2006-01-06,Kora Goodacre
vwalworche7t,vwalworche7t@tinypic.com,4DpNzd,282,2005-04-13,Vivien Walworche
tbarnaclough7u,tbarnaclough7u@sciencedaily.com,YCrn8yFx4tj1,283,2011-08-10,Thelma Barnaclough
platch7v,platch7v@t.co,bN98i1aIkl,284,2008-06-08,Phillis Latch
zmarchbank7w,zmarchbank7w@vistaprint.com,lNbMUEZxkE,285,1991-11-15,Zonda Marchbank
pions7x,pions7x@oakley.com,MCTXNoE9,286,1987-12-08,Pavel Ions
cferrotti7y,cferrotti7y@is.gd,c8SaqB6zi66j,287,2010-02-22,Cristionna Ferrotti
leeles7z,leeles7z@hibu.com,EbwdRaoILE,288,2000-02-04,Lalo Eeles
scramp80,scramp80@github.com,zgF7oqStwqp,289,2011-10-25,Sasha Cramp
ddelgardillo81,ddelgardillo81@foxnews.com,aLSYMXfcvE4P,290,1997-09-14,Dahlia Delgardillo
mcrabbe82,mcrabbe82@ox.ac.uk,a2mSYDCyw,291,1994-09-19,Micki Crabbe
awiddowfield83,awiddowfield83@buzzfeed.com,sZtG9z7hxQP,292,1999-09-02,Andi Widdowfield
udwine84,udwine84@columbia.edu,V3bGeF,293,1992-11-20,Upton Dwine
fzarb85,fzarb85@elegantthemes.com,j4WGCF1Ld,294,1998-07-03,Filip Zarb
fhicks86,fhicks86@admin.ch,vfwyX2KuVBtH,295,1997-01-30,Fannie Hicks
npatington87,npatington87@surveymonkey.com,H5mLetNM3600,296,1989-01-06,Nils Patington
tmatthesius88,tmatthesius88@omniture.com,xGkUlrWvSH5K,297,2007-09-15,Terrance Matthesius
mscholler89,mscholler89@uol.com.br,EMOXVV,298,2007-02-25,Morgan Scholler
wfalls8a,wfalls8a@huffingtonpost.com,JJVctuZM,299,1996-09-09,Wallie Falls
ccharleston8b,ccharleston8b@seattletimes.com,UmpaWgaVBpOT,300,2000-12-12,Cecily Charleston
tkmietsch8c,tkmietsch8c@diigo.com,tDlGZ4,301,1987-05-02,Trix Kmietsch
rmorsom8d,rmorsom8d@xinhuanet.com,Cy234gKtpBH,302,1998-03-17,Royce Morsom
twallentin8e,twallentin8e@narod.ru,7fYWN7GZl0,303,1988-10-08,Teodorico Wallentin
mjosuweit8f,mjosuweit8f@bigcartel.com,HGTPaGYWJAD,304,2000-10-16,Minetta Josuweit
pmichiel8g,pmichiel8g@de.vu,EvEBreNl1,305,2009-09-22,Perceval Michiel
veccersley8h,veccersley8h@walmart.com,ixQgbkUBmF,306,2001-07-31,Vivie Eccersley
mvillaret8i,mvillaret8i@macromedia.com,YV26i5FN8qb,307,1986-01-26,Mallorie Villaret
twehner8j,twehner8j@topsy.com,ickRNzpgce5L,308,1995-01-20,Taylor Wehner
pde8k,pde8k@symantec.com,s1TSf4oI,309,2006-04-03,Pierette De Castri
bshorto8l,bshorto8l@behance.net,21UuflW,310,1999-05-14,Bordie Shorto
jbrittles8m,jbrittles8m@tmall.com,0GYLzpNR,311,1985-09-14,Jeffie Brittles
nroussel8n,nroussel8n@sciencedaily.com,NN78IOlfm,312,2005-12-02,Noby Roussel
kdrewes8o,kdrewes8o@answers.com,qF4s92j,313,1985-01-19,Karlee Drewes
amant8p,amant8p@sogou.com,j67ynOC,314,2006-07-07,Alvis Mant
jsich8q,jsich8q@live.com,JRehZDx086AX,315,2010-06-08,Joannes Sich
lbradford8r,lbradford8r@msu.edu,jZOwktOC,316,2010-06-05,Lyndsay Bradford
mtysall8s,mtysall8s@moonfruit.com,faCHnl9di,317,2002-02-19,Mordy Tysall
jfrango8t,jfrango8t@engadget.com,l4EfI99KYQ,318,1985-10-28,Jandy Frango
mmerritt8u,mmerritt8u@lulu.com,ke74ChhpoTq,319,1996-04-01,Mahmoud Merritt
groome8v,groome8v@macromedia.com,9yUtWwd5T,320,1987-10-02,Greg Roome
ckear8w,ckear8w@webs.com,v8neD65Y,321,2006-03-07,Cammie Kear
mstride8x,mstride8x@oaic.gov.au,nxg0pF,322,1996-04-23,Merna Stride
rhotson8y,rhotson8y@issuu.com,MzLjzMJ5qP,323,2003-12-01,Rosemarie Hotson
mdelafoy8z,mdelafoy8z@ted.com,UepASlbJpzu,324,2000-03-14,Maire Delafoy
hpalliser90,hpalliser90@thetimes.co.uk,9Nzk43s6xx,325,1987-09-08,Helen Palliser
epehrsson91,epehrsson91@lycos.com,3j4acTcpsN,326,1996-03-31,Edyth Pehrsson
fkenafaque92,fkenafaque92@example.com,aK2EevXxs,327,2004-10-21,Forbes Kenafaque
bclaibourn93,bclaibourn93@mashable.com,G1uzkdos5,328,1994-05-18,Bendicty Claibourn
craulstone94,craulstone94@twitpic.com,3GITYN,329,2006-07-28,Cointon Raulstone
ejanos95,ejanos95@alexa.com,RRg7ZxJ,330,2005-10-17,Eben Janos
bpinar96,bpinar96@globo.com,k9Il5uv,331,1987-11-24,Brandy Pinar
lbraunlein97,lbraunlein97@unicef.org,ZonAjRlxwN,332,1994-12-19,Lamar Braunlein
fstellin98,fstellin98@quantcast.com,6Nyd5bPJ,333,1994-07-28,Ferdinande Stellin
bjakeway99,bjakeway99@irs.gov,CyYf5p39bpuD,334,1991-06-16,Bernardine Jakeway
wstolli9a,wstolli9a@hc360.com,mIYLhVmyP,335,2008-12-26,Wynn Stolli
rfluin9b,rfluin9b@ucsd.edu,8YJ9IAk5aeS,336,1990-06-24,Ricoriki Fluin
cwickenden9c,cwickenden9c@engadget.com,Dj4ZI9V,337,1991-10-03,Corty Wickenden
vloadwick9d,vloadwick9d@msn.com,Vl0HkNTIZNet,338,1985-06-15,Val Loadwick
vastle9e,vastle9e@msn.com,gwIb2ZumIvB,339,1990-11-04,Virgilio Astle
srosenthaler9f,srosenthaler9f@google.nl,h6aQHTJ8B5kg,340,2012-07-31,Sonja Rosenthaler
osteggals9g,osteggals9g@narod.ru,LEwYDVlU,341,1985-10-30,Olva Steggals
jbussons9h,jbussons9h@unesco.org,XV2as1R,342,1994-04-13,Jazmin Bussons
msunnex9i,msunnex9i@moonfruit.com,ZU6bim,343,2004-03-21,Mei Sunnex
efosdyke9j,efosdyke9j@cnn.com,jBvs4P1D,344,2008-04-14,Evyn Fosdyke
cbourrel9k,cbourrel9k@berkeley.edu,n5kIYZoSzm,345,2011-05-24,Catarina Bourrel
ksivell9l,ksivell9l@amazon.de,ik1tK4qQsVs,346,1996-01-18,Kamilah Sivell
dbosward9m,dbosward9m@ezinearticles.com,MJiXyPO,347,2000-08-08,Dianne Bosward
hfolkerts9n,hfolkerts9n@imageshack.us,YKAd0kfhJH,348,1988-12-20,Hammad Folkerts
clanders9o,clanders9o@bigcartel.com,HpFYKl,349,1991-12-21,Cris Landers
speskett9p,speskett9p@wordpress.com,3tMXqpH3CscR,350,2000-06-02,Seana Peskett
ffessby9q,ffessby9q@boston.com,gKSUURzpp,351,1985-11-07,Fey Fessby
rlevane9r,rlevane9r@over-blog.com,oCMSQMIoDC,352,1995-07-26,Rebe Levane
klanda9s,klanda9s@cbsnews.com,zCeryGdThlv4,353,1994-03-31,Karil Landa
aforre9t,aforre9t@answers.com,SVpwso4,354,2011-04-05,Aurie Forre
nstrevens9u,nstrevens9u@tinypic.com,MNjqRj2mAZ1,355,2008-12-09,Noby Strevens
ggoundry9v,ggoundry9v@hao123.com,jyLUiI3Ede,356,1992-02-07,Gilburt Goundry
nbeverage9w,nbeverage9w@umn.edu,PbMJhcg,357,2011-05-25,Nisse Beverage
lhouston9x,lhouston9x@sbwire.com,YU6wv6Pxg,358,2006-11-20,Lura Houston
mcota9y,mcota9y@arstechnica.com,A0bzSasn,359,2001-03-06,Menard Cota
ncrilley9z,ncrilley9z@miibeian.gov.cn,2fH2SzFrjDGR,360,1988-05-02,Nevile Crilley
shasslochera0,shasslochera0@gravatar.com,4anHqw5dT,361,2002-05-22,Sile Hasslocher
mglynnea1,mglynnea1@go.com,IEkdmdVf43GA,362,2008-02-12,Mikael Glynne
jlaprea2,jlaprea2@tumblr.com,LvP0FyNyqcP,363,1988-06-03,Jo-anne Lapre
dmawa3,dmawa3@patch.com,RJ71GT64,364,2007-02-12,Darsie Maw
fcolenutta4,fcolenutta4@google.com,V3mIMk10U,365,1998-04-19,Freida Colenutt
jjellimana5,jjellimana5@go.com,m2PSvB,366,2006-10-10,Janeta Jelliman
cchaulka6,cchaulka6@un.org,HPhR4JYH,367,1998-05-13,Carmelita Chaulk
cowbricka7,cowbricka7@xinhuanet.com,6GcG6A3mj8eB,368,1991-10-09,Cornie Owbrick
cmephama8,cmephama8@dion.ne.jp,XFjN9U5c,369,1990-09-22,Corrie Mepham
rfoulisa9,rfoulisa9@behance.net,hPCGKM0eBQ,370,1987-06-23,Romona Foulis
rklasingaa,rklasingaa@patch.com,RRe9veUtiAI,371,1992-03-20,Rufus Klasing
dsanchizab,dsanchizab@mtv.com,ipSBagr11iv,372,1985-12-15,Dorrie Sanchiz
akensingtonac,akensingtonac@ibm.com,JUZcnfCBmgy,373,1992-11-05,Austin Kensington
jstarbuckad,jstarbuckad@163.com,F9mYIOjX9x,374,2008-10-08,Janey Starbuck
elevermoreae,elevermoreae@acquirethisname.com,gCXjoVY,375,1996-02-06,Elvin Levermore
mlarrataf,mlarrataf@weebly.com,B5CefL1GkCZs,376,1984-10-28,Maurene Larrat
atownsonag,atownsonag@google.es,ebjdUmAz,377,1997-06-20,Andris Townson
greimerah,greimerah@delicious.com,7tNw8RAP1s,378,1994-08-16,Gertrude Reimer
dcliffai,dcliffai@cbc.ca,jRQ2eh,379,1997-02-17,Dania Cliff
mplayleaj,mplayleaj@go.com,GrL1agE,380,2012-09-09,Mora Playle
arennerak,arennerak@example.com,cyMvX6C0q3WJ,381,1988-06-13,Angelica Renner
ccootal,ccootal@oracle.com,r5bMhb,382,1998-01-03,Cordula Coot
ccoldtartam,ccoldtartam@de.vu,yDhy4CTglKJM,383,1994-03-04,Corrianne Coldtart
scandlinan,scandlinan@1und1.de,dROIZs,384,1997-01-09,Stephie Candlin
kjosselsonao,kjosselsonao@zimbio.com,XT9tlLwQ4Mf,385,1997-10-06,Kathie Josselson
esewterap,esewterap@de.vu,cUdWFEKksmR,386,2004-08-21,Elset Sewter
spidleraq,spidleraq@usgs.gov,P1i61A,387,1995-10-02,Sigfrid Pidler
csurguinear,csurguinear@woothemes.com,IuP1lk0Hig,388,2001-09-09,Carlye Surguine
vstellinoas,vstellinoas@163.com,1GHYIfvECZ,389,1997-08-29,Vergil Stellino
cmorterat,cmorterat@mozilla.org,eTiJjd,390,1995-06-06,Crissie Morter
lcoathau,lcoathau@pen.io,AuUvip1yh5TL,391,2001-11-02,Levey Coath
abarbourav,abarbourav@tiny.cc,f73c2scb62BL,392,2011-04-19,Arden Barbour
hebdinaw,hebdinaw@ucoz.ru,s3Waexmq5n,393,1985-05-22,Horton Ebdin
lhalmsax,lhalmsax@cbslocal.com,aRwkdr,394,1989-08-28,Lindy Halms
oheinay,oheinay@chron.com,a7WNheQ,395,2004-10-05,Olympe Hein
hurryaz,hurryaz@privacy.gov.au,XxgiDX2u,396,2007-12-31,Hyacinthia Urry
kthonb0,kthonb0@google.com.br,vHx4CAMNO,397,2008-08-08,Kaine Thon
cchavezb1,cchavezb1@amazon.de,SKbLWQJj5,398,1998-03-02,Cassey Chavez
dnorwayb2,dnorwayb2@google.com,1WSRLJiyR36U,399,2002-02-25,Dreddy Norway
ivynehallb3,ivynehallb3@gnu.org,Ork7Mi6,400,1994-02-12,Ilysa Vynehall
cjeevesb4,cjeevesb4@goo.gl,iU3yGuCHPb0,401,1994-08-16,Carlina Jeeves
ecaneb5,ecaneb5@spotify.com,pb50DtB,402,1986-02-21,Elladine Cane
kbossonb6,kbossonb6@example.com,MneQKL5,403,2001-11-05,Kellina Bosson
jpannamanb7,jpannamanb7@ow.ly,jPFgzbO0,404,1999-09-24,Jonas Pannaman
rivakhnovb8,rivakhnovb8@google.de,6JyFiEuPki,405,2011-10-11,Roda Ivakhnov
kmeinsb9,kmeinsb9@springer.com,XQymoU,406,1995-07-16,Kelsey Meins
cguddba,cguddba@odnoklassniki.ru,ZLx8sME805uP,407,2007-02-15,Cherice Gudd
gshackletonbb,gshackletonbb@paypal.com,mVdxG1hPAswn,408,1996-10-19,Gaylene Shackleton
tgajewskibc,tgajewskibc@hud.gov,WSIUskw6,409,2000-09-20,Tabb Gajewski
trennisonbd,trennisonbd@nymag.com,qib8hGs98De,410,2007-05-07,Tam Rennison
cpinardbe,cpinardbe@biglobe.ne.jp,O2wzIf9U,411,1999-09-11,Candace Pinard
jfilliskirkbf,jfilliskirkbf@phoca.cz,oegpZpdR1hc,412,1986-08-06,Jerald Filliskirk
cjanoschekbg,cjanoschekbg@godaddy.com,Hn9GjXdDA,413,1995-04-11,Cristy Janoschek
nlebh,nlebh@ameblo.jp,3OLyRed0aX24,414,2008-03-08,Noby Le febre
mlandorbi,mlandorbi@jimdo.com,yqHUTV,415,2004-05-21,Muffin Landor
ddangerfieldbj,ddangerfieldbj@cisco.com,aBRdVg,416,1994-12-17,Dyana Dangerfield
hrappabk,hrappabk@npr.org,DayHG28dC,417,2010-11-14,Hart Rappa
gfilippyevbl,gfilippyevbl@cisco.com,iFqKpJZ,418,2010-04-20,Gweneth Filippyev
syakutinbm,syakutinbm@xrea.com,rMoL5XbJ9,419,1985-05-09,Sylvia Yakutin
emenlowbn,emenlowbn@fda.gov,lkCrh4uI0,420,2006-01-27,Eliot Menlow
btinglybo,btinglybo@yandex.ru,MdGJylZOdc,421,1996-08-03,Brandie Tingly
gpepisbp,gpepisbp@ihg.com,UevSqO,422,1990-06-30,Georgia Pepis
lbryentonbq,lbryentonbq@miitbeian.gov.cn,1JSAIn,423,2002-03-15,Lindsy Bryenton
sgerriessenbr,sgerriessenbr@creativecommons.org,FgtI78wU,424,2001-12-24,Shelton Gerriessen
couldcottbs,couldcottbs@npr.org,7qDnnJWjP5,425,2005-08-15,Christen Ouldcott
jeathornebt,jeathornebt@bravesites.com,0F9daHRr,426,1988-10-27,Jorgan Eathorne
ddonnbu,ddonnbu@bizjournals.com,IaiYTJuoG,427,2002-02-17,Damara Donn
ndibv,ndibv@utexas.edu,mg21bl9vp,428,1985-10-31,Nicolina Di Biagio
rdeenerbw,rdeenerbw@plala.or.jp,uU7PMLgI,429,1986-11-21,Reade Deener
lcloneybx,lcloneybx@cpanel.net,z02CPAuooQ,430,1996-09-12,Lisha Cloney
gshovlarby,gshovlarby@wunderground.com,3JmfkYc3hcJT,431,1998-04-11,Galen Shovlar
skitleebz,skitleebz@sun.com,mF0UwXftdmBy,432,1997-03-06,Skell Kitlee
lpennuzzic0,lpennuzzic0@go.com,1g1UrNvU9Q3f,433,1992-05-02,Lars Pennuzzi
scardwellc1,scardwellc1@columbia.edu,XLSunYWSMEHt,434,2005-02-13,Shoshana Cardwell
avalentinc2,avalentinc2@gravatar.com,h9QYpufz,435,1998-12-03,Alberta Valentin
rworhamc3,rworhamc3@simplemachines.org,2TJRHpYkhHWl,436,1986-01-08,Reeba Worham
ekleinerc4,ekleinerc4@shareasale.com,P2LDoC,437,1997-06-16,Editha Kleiner
hpinardc5,hpinardc5@woothemes.com,RAXKBHj5k0t,438,2007-11-12,Hollie Pinard
vwithnallc6,vwithnallc6@businesswire.com,w6ORjUFFR,439,2009-04-13,Verina Withnall
kkubisc7,kkubisc7@si.edu,G9o2wdMI3,440,2009-03-18,Karissa Kubis
cwhickmanc8,cwhickmanc8@cocolog-nifty.com,u8XZK3ZUtZfj,441,2004-12-02,Chickie Whickman
aprovestc9,aprovestc9@etsy.com,6FytIFOqLCJ,442,1991-03-03,Alric Provest
abruggenca,abruggenca@google.com.hk,UcPFebY,443,2000-02-29,Alexia Bruggen
mrimmingtoncb,mrimmingtoncb@utexas.edu,zxP0cYk,444,2012-01-08,Meridel Rimmington
cbentecc,cbentecc@dailymotion.com,6dhMaqF1G,445,1989-11-23,Cyril Bente
rgarralscd,rgarralscd@topsy.com,DrqtKLSaq3k,446,1998-01-22,Roscoe Garrals
agherardescice,agherardescice@bing.com,sAmhI87,447,2009-03-05,Alair Gherardesci
ktrynorcf,ktrynorcf@gravatar.com,fRv52cYc5vA3,448,2010-02-11,Kristofor Trynor
psimpsoncg,psimpsoncg@gizmodo.com,wWu3O97F,449,1995-09-20,Pavla Simpson
lwrettumch,lwrettumch@dell.com,D037vYJENfR,450,2005-02-19,Lana Wrettum
yramosci,yramosci@php.net,lIwd6fD,451,2000-08-01,Yvon Ramos
jmatzkaitiscj,jmatzkaitiscj@huffingtonpost.com,y6FoPA,452,2000-06-23,Joya Matzkaitis
bsisnerosck,bsisnerosck@businesswire.com,9Xn91mYBo2f,453,1993-02-21,Bunni Sisneros
rdecl,rdecl@japanpost.jp,I6V0M7RaTc4,454,2011-04-17,Raymund De Giovanni
hpickthallcm,hpickthallcm@miibeian.gov.cn,sZCwCgD,455,1986-07-15,Harman Pickthall
ilesercn,ilesercn@i2i.jp,koI749CFthCU,456,2004-11-22,Ilysa Leser
egibberdco,egibberdco@rambler.ru,59ZNsCg,457,2012-09-29,Ezechiel Gibberd
lkeepecp,lkeepecp@forbes.com,qvCDpVrXYL,458,2007-07-25,Lynnelle Keepe
afuentecq,afuentecq@mapquest.com,GBs2RHvnDSoV,459,1995-11-11,Agustin Fuente
earmittcr,earmittcr@sakura.ne.jp,ujMQIJaRoLtM,460,2005-10-27,Emmey Armitt
agibbinscs,agibbinscs@dmoz.org,NioLPVY2yo,461,1993-03-05,Ami Gibbins
otutchenerct,otutchenerct@mac.com,FnoTWxZU,462,1992-07-07,Olag Tutchener
dduchancu,dduchancu@oakley.com,OIWUAuv82,463,1991-09-09,Dareen Duchan
dkurtiscv,dkurtiscv@xing.com,pcVdT6X,464,1996-05-01,Donelle Kurtis
sscraftoncw,sscraftoncw@hc360.com,PnLR2ina,465,2011-03-21,Sasha Scrafton
abarracloughcx,abarracloughcx@marketwatch.com,MazRL7,466,1991-04-02,Adda Barraclough
urabbittscy,urabbittscy@bravesites.com,ZPnYNaDJ,467,2000-06-11,Ulla Rabbitts
vpeddercz,vpeddercz@psu.edu,BS9XiwQHpQJ,468,2001-06-10,Vera Pedder
fhenighand0,fhenighand0@ftc.gov,pISW2t,469,2001-08-21,Forbes Henighan
bpinxtond1,bpinxtond1@quantcast.com,MVllld,470,1992-07-11,Brigham Pinxton
ktrumand2,ktrumand2@cnet.com,EPF0SZ4G3sc,471,1986-03-09,Kym Truman
cpetrushkevichd3,cpetrushkevichd3@statcounter.com,9rvAhv,472,2005-05-28,Carroll Petrushkevich
nchated4,nchated4@army.mil,6k1aNQV1Ej,473,1994-10-25,Norris Chate
ewaldramd5,ewaldramd5@over-blog.com,GXQCs8cHVmv0,474,2010-07-04,Erin Waldram
dworsalld6,dworsalld6@ask.com,SdSnUi,475,1987-11-23,Daune Worsall
lwhitchurchd7,lwhitchurchd7@hao123.com,ZBTsAKkI,476,1987-03-25,Lisle Whitchurch
aeschalotted8,aeschalotted8@google.pl,jlBUvd7,477,2012-01-16,Annette Eschalotte
sdemerd9,sdemerd9@acquirethisname.com,0zEeYf,478,2006-12-19,Salaidh Demer
wgirdlestoneda,wgirdlestoneda@is.gd,eBbcoOkh,479,1991-05-27,Wileen Girdlestone
gcreanedb,gcreanedb@springer.com,Kwvv7xOE,480,1990-06-02,Gamaliel Creane
nbartensdc,nbartensdc@techcrunch.com,Z0ncBM,481,1987-06-08,Niles Bartens
jvedekhindd,jvedekhindd@businesswire.com,fNiLLNZ,482,2011-05-26,Jenna Vedekhin
mpuckinghornede,mpuckinghornede@rakuten.co.jp,6MXWVZi,483,1998-05-24,Mignonne Puckinghorne
alaylanddf,alaylanddf@tiny.cc,XRQx8gGh,484,1994-03-11,Amanda Layland
mbilsforddg,mbilsforddg@delicious.com,fjmI71OJ,485,1999-04-11,Malia Bilsford
ecristoforodh,ecristoforodh@ocn.ne.jp,3YHkR3h,486,2005-08-11,Eachelle Cristoforo
rtanbydi,rtanbydi@tiny.cc,bwBJbk,487,2002-05-15,Rad Tanby
bbushendj,bbushendj@de.vu,fwLJAD,488,1993-12-12,Brear Bushen
snapthinedk,snapthinedk@nationalgeographic.com,S61wxhrg,489,1986-11-20,Sherwin Napthine
aeymordl,aeymordl@cbc.ca,UazsNLO,490,2011-03-23,Augustus Eymor
lmudgedm,lmudgedm@friendfeed.com,P7f6VGS3,491,1989-09-05,Leland Mudge
dclerydn,dclerydn@canalblog.com,KnsEUIvu7ksq,492,1986-07-05,Daryn Clery
cthornsdo,cthornsdo@gravatar.com,SmIZzyNEa6F,493,2008-01-29,Carlye Thorns
nturbittdp,nturbittdp@slate.com,lG8Ho4rIzsVv,494,1998-10-06,Neil Turbitt
pborelldq,pborelldq@nba.com,VBKJI6cKS,495,2004-09-07,Philip Borell
agearydr,agearydr@issuu.com,gti8WzCvaAx,496,2012-01-16,Ali Geary
tfrowends,tfrowends@skyrock.com,sMnshqvQ5,497,1990-11-10,Tana Frowen
pdeverickdt,pdeverickdt@indiegogo.com,NdQqjiLa,498,1990-02-13,Pip Deverick
lshufflebothamdu,lshufflebothamdu@sitemeter.com,dDx3Tn0kZb5,499,2010-02-07,Linc Shufflebotham
chadlanddv,chadlanddv@archive.org,uhLkWA,500,1995-05-21,Chaim Hadland
vcansdalldw,vcansdalldw@xinhuanet.com,vTieWHco,501,2012-10-05,Veronica Cansdall
kbugdelldx,kbugdelldx@feedburner.com,kCOfXGvkY1ju,502,1986-07-12,Kenn Bugdell
tpickworthdy,tpickworthdy@privacy.gov.au,K63MfP3,503,1990-07-30,Trueman Pickworth
bdidz,bdidz@google.com,uwAnOF,504,1994-02-14,Bryn Di Lucia
lpietze0,lpietze0@miitbeian.gov.cn,S91KmZzGXm7R,505,2010-05-14,Lebbie Pietz
amicklewicze1,amicklewicze1@themeforest.net,4bKLeeH94d,506,1991-11-28,Addi Micklewicz
gbenedettie2,gbenedettie2@feedburner.com,dIQ7hun,507,1988-05-14,Gabriel Benedetti
asedgefielde3,asedgefielde3@qq.com,buZGA4,508,1999-03-22,Almeria Sedgefield
dsalese4,dsalese4@dropbox.com,GNYn0tZLv,509,2000-10-18,Deane Sales
amaffuccie5,amaffuccie5@aboutads.info,QXHzH4B,510,2003-10-13,Anni Maffucci
ecarlettie6,ecarlettie6@slideshare.net,Lf9TbiJKsdSn,511,1985-10-15,Ernie Carletti
pcortese7,pcortese7@mozilla.com,eXj68SB,512,2011-01-26,Perry Cortes
babdone8,babdone8@forbes.com,p3BhnR6s9,513,1986-03-14,Belia Abdon
tomare9,tomare9@cyberchimps.com,vV5obHRUTEf,514,2011-11-23,Tabbie Omar
kthorpeea,kthorpeea@google.it,7jnknt,515,1990-12-30,Kathrine Thorpe
mcruwyseb,mcruwyseb@smugmug.com,2XoNrvh8,516,2012-07-30,Mela Cruwys
srableyec,srableyec@comsenz.com,4akQUyElo1LV,517,1986-07-02,Sharona Rabley
mexcelled,mexcelled@xing.com,suszDOy,518,1993-01-25,Marrissa Excell
jmulvaneyee,jmulvaneyee@ameblo.jp,mq5PYwkr,519,2010-09-03,Janaya Mulvaney
bleef,bleef@newsvine.com,FwFnj7HQ7vx,520,2011-05-24,Brice Le Fevre
ekoppelmanneg,ekoppelmanneg@tripod.com,uxmerQWYT,521,1985-10-24,Emlen Koppelmann
npudsalleh,npudsalleh@newsvine.com,lgAHerL,522,1999-03-11,Ninette Pudsall
abrinklowei,abrinklowei@fc2.com,ftbSEQ1,523,1997-07-21,Ariel Brinklow
mchancelierej,mchancelierej@cisco.com,vggs0pL,524,1994-09-24,Melli Chancelier
edreverek,edreverek@wisc.edu,XKPbsAb,525,2006-03-30,Edsel Drever
ebalstoneel,ebalstoneel@google.es,iwaoWVo,526,1995-05-23,Ema Balstone
amargetsonem,amargetsonem@indiatimes.com,e7qKYeJI,527,1993-10-01,Artus Margetson
achippsen,achippsen@etsy.com,P1iUe77v5w,528,2009-12-23,Amelita Chipps
rschwandermanneo,rschwandermanneo@cloudflare.com,wFIWaV188,529,1994-03-05,Robert Schwandermann
elivingstoneep,elivingstoneep@icio.us,8q0KjGO,530,2010-12-07,Elinore Livingstone
jfingletoneq,jfingletoneq@wikia.com,8NpoB5,531,2001-03-19,Joana Fingleton
hhizirer,hhizirer@mysql.com,fZSe9rScF,532,1995-03-29,Hermon Hizir
druoses,druoses@icio.us,ExQdXxfm,533,2001-01-07,Dorri Ruos
vblaskettet,vblaskettet@histats.com,TjSXMxW7an,534,1988-09-16,Viole Blaskett
eisackeu,eisackeu@sphinn.com,SAmvfi,535,1993-05-07,Electra Isack
cstarrev,cstarrev@yelp.com,RDtGIOoa5f,536,1986-06-27,Cari Starr
jkernoghanew,jkernoghanew@i2i.jp,d6XB5W1f5,537,1987-02-22,Joel Kernoghan
tfrudeex,tfrudeex@1688.com,CN3EUlGmG,538,1998-08-14,Theresina Frude
lboddieey,lboddieey@homestead.com,Xyi9Mg,539,1996-04-21,Lilyan Boddie
zmcgannez,zmcgannez@last.fm,yBA8XU,540,2009-05-27,Zelma McGann
yshoreyf0,yshoreyf0@barnesandnoble.com,wfksLhs4,541,2012-05-10,Yvonne Shorey
kmcguffogf1,kmcguffogf1@omniture.com,jQliI93ib,542,2008-06-10,Kean McGuffog
maylinf2,maylinf2@eepurl.com,KEI9fjB,543,1989-02-18,Morten Aylin
eelldredf3,eelldredf3@a8.net,SZwOuaACI8r,544,1988-08-01,Elly Elldred
fblackslandf4,fblackslandf4@ucsd.edu,Ajwu3tjeJn,545,1998-11-19,Franchot Blacksland
emaccallamf5,emaccallamf5@go.com,RP3UC4XyE,546,1992-06-26,Erroll MacCallam
escrivensf6,escrivensf6@walmart.com,7vDIr491A,547,1990-12-05,Elaine Scrivens
mstokoef7,mstokoef7@w3.org,zKy1lcB7MK,548,1997-07-23,Morganne Stokoe
thewf8,thewf8@spiegel.de,MdEoA3i,549,1999-04-21,Tanny Hew
grosellf9,grosellf9@buzzfeed.com,sjff3P,550,1995-12-12,Gale Rosell
hjuryfa,hjuryfa@ca.gov,hV0U0SnD,551,2006-10-14,Huberto Jury
fdraudefb,fdraudefb@soundcloud.com,YFVHVJ,552,1996-11-13,Fowler Draude
foenefc,foenefc@fema.gov,nEfVWeozakMT,553,1998-09-24,Frankie Oene
spettisfd,spettisfd@seesaa.net,L5k1gwtZTgQ,554,1989-06-25,Stephenie Pettis
gornizfe,gornizfe@jalbum.net,DcsVgBtl,555,1995-10-25,Garey Orniz
csemirazff,csemirazff@yellowbook.com,16ZR2sIyF40z,556,2001-02-14,Consolata Semiraz
lpaylerfg,lpaylerfg@meetup.com,m0wrbh7t,557,1991-10-02,Luther Payler
ayitzhakovfh,ayitzhakovfh@oakley.com,4soCOS2bD0,558,2005-06-09,Aluino Yitzhakov
rtrussellfi,rtrussellfi@github.com,9NprU4ieS,559,2002-08-05,Ruthie Trussell
gberthfj,gberthfj@oracle.com,VqlOJEK98cBA,560,2004-05-05,Giana Berth
lrupertofk,lrupertofk@cbslocal.com,alj1xlP,561,1993-04-07,Lemar Ruperto
cbirtwislefl,cbirtwislefl@t-online.de,aNYXtwiZ2,562,1998-09-04,Clifford Birtwisle
geykelboschfm,geykelboschfm@cam.ac.uk,CLuSwUfitEVf,563,2002-02-19,Gustavo Eykelbosch
calvaresfn,calvaresfn@gmpg.org,1sKgxJAC570,564,2005-06-10,Charmine Alvares
dcardosofo,dcardosofo@weather.com,M3XKANf2zB1,565,1985-02-01,Danit Cardoso
pbollamfp,pbollamfp@cmu.edu,fK2KjJWwt,566,2006-02-13,Peyton Bollam
msoaresfq,msoaresfq@va.gov,hTlb5Y6,567,1985-06-18,Mary Soares
amckinnafr,amckinnafr@liveinternet.ru,ALPmaEwE,568,2001-07-12,Alasdair McKinna
lausherfs,lausherfs@mapquest.com,Mu567Fr9Iy,569,2011-11-28,Laurie Ausher
aporchft,aporchft@1688.com,K2CxGW,570,1990-01-28,Alisander Porch
mmillarfu,mmillarfu@baidu.com,DjkcbxdK5w2,571,2006-10-08,Marcellina Millar
dohalleghanefv,dohalleghanefv@reuters.com,M0mXDcO,572,1993-04-06,Delores O'Halleghane
ltytlerfw,ltytlerfw@alexa.com,Xm7G9Ifrq,573,1995-10-29,Lind Tytler
lcrutchfieldfx,lcrutchfieldfx@wisc.edu,UzmNMHj,574,1987-02-19,Lars Crutchfield
dcafy,dcafy@slate.com,PHnQDt2,575,1990-07-15,Dorena Ca
nzmitrichenkofz,nzmitrichenkofz@slashdot.org,Tsy4urY8wIpn,576,2006-05-11,Natal Zmitrichenko
pcasesg0,pcasesg0@google.com.au,BaaWZn,577,1991-08-01,Prue Cases
dsumblerg1,dsumblerg1@scientificamerican.com,DySC6yiXZ5KX,578,2010-06-16,Donnajean Sumbler
eroglierig2,eroglierig2@issuu.com,DV4XBKVr,579,1999-09-03,Erna Roglieri
wkerswillg3,wkerswillg3@icio.us,Rw4Q7cmR,580,1997-01-17,Wynnie Kerswill
fcrowcherg4,fcrowcherg4@ft.com,UdmrkxucAYU,581,2010-11-11,Fee Crowcher
lbeinckeng5,lbeinckeng5@flavors.me,TAnBJXx,582,1994-08-03,Lay Beincken
omeeusg6,omeeusg6@globo.com,dN3KCNckIz3B,583,2012-09-04,Olga Meeus
rsantusg7,rsantusg7@usda.gov,EsvANVZ,584,1996-02-09,Roberta Santus
crubinowitzg8,crubinowitzg8@state.gov,OEyUQZKd5,585,2004-08-11,Conroy Rubinowitz
ywickesg9,ywickesg9@craigslist.org,UY76UxMh,586,2007-03-15,Yorke Wickes
tcoppockga,tcoppockga@hud.gov,3R23zmFlF6s,587,2011-04-10,Tobias Coppock.
pimmergb,pimmergb@businessweek.com,SuMJnAe,588,1988-01-27,Pippy Immer
rfaltskoggc,rfaltskoggc@go.com,3K9TjW,589,1994-01-08,Robinet Faltskog
ndymockegd,ndymockegd@exblog.jp,DLGtcxWGtFB,590,1991-03-15,Nyssa Dymocke
bdege,bdege@studiopress.com,8491OhcX,591,1996-07-28,Bambi De Castri
scresargf,scresargf@purevolume.com,TzvcPVQpcD,592,2000-09-13,Seana Cresar
canfossigg,canfossigg@springer.com,YKbg2ewjHP8,593,1985-06-10,Cara Anfossi
sadamowitzgh,sadamowitzgh@w3.org,XyEEQvtsyje,594,1990-11-18,Sybyl Adamowitz
mfallagi,mfallagi@omniture.com,7YagPe,595,1991-12-08,Matthias Falla
byoskowitzgj,byoskowitzgj@intel.com,iV9JW4A5RS5,596,2000-10-05,Boot Yoskowitz
cmertelgk,cmertelgk@slashdot.org,GQQq6FrfvgY,597,1987-07-15,Cordi Mertel
nmillangl,nmillangl@sphinn.com,EO70kP,598,2009-09-07,Nealson Millan
ugrinikhinovgm,ugrinikhinovgm@hostgator.com,jSdF16,599,1994-07-29,Umberto Grinikhinov
lhaythornthwaitegn,lhaythornthwaitegn@ameblo.jp,Vm8RW1,600,1993-12-22,Livvy Haythornthwaite
tmiddlebrookgo,tmiddlebrookgo@cdc.gov,dl2itO3rt,601,2007-10-31,Tyrus Middlebrook
afickengp,afickengp@un.org,DtfaUNFOFxc2,602,1995-01-11,Andrew Ficken
wvaudingq,wvaudingq@sciencedaily.com,h0M3v3Yis,603,2003-01-03,Wilburt Vaudin
abarriballgr,abarriballgr@utexas.edu,rEGbwHJY,604,1992-05-24,April Barriball
nkaspargs,nkaspargs@who.int,6eC4aqaaq7sK,605,1996-06-02,Niel Kaspar
hsambellgt,hsambellgt@apple.com,WZ8xaov,606,1994-07-18,Harman Sambell
malyoshingu,malyoshingu@tinyurl.com,JqfhbyOyUMy,607,2010-07-06,Moss Alyoshin
fremongv,fremongv@spiegel.de,s5Zr7W9,608,2007-03-31,Fanchon Remon
dclaffeygw,dclaffeygw@nifty.com,31J4Lni,609,2004-04-10,Dotti Claffey
aannattgx,aannattgx@marriott.com,AtGtbH0Nu4GJ,610,2002-08-04,Ash Annatt
ggillivriegy,ggillivriegy@businessweek.com,Utj3PZqZ,611,1999-09-08,Gerome Gillivrie
fredhollsgz,fredhollsgz@sphinn.com,hC8nms7ZwT1t,612,2001-12-12,Ferdinand Redholls
dshellardh0,dshellardh0@e-recht24.de,03Oj4FQ,613,1990-06-08,Danya Shellard
ebarstowkh1,ebarstowkh1@marketwatch.com,EFBV8eR,614,2002-07-13,Eunice Barstowk
mcoxwellh2,mcoxwellh2@ehow.com,dr3tfNEl2n01,615,1999-11-22,Marjorie Coxwell
wwellanh3,wwellanh3@reference.com,4J1bxVhyCjd,616,2010-12-16,Weidar Wellan
hbirkenheadh4,hbirkenheadh4@discuz.net,8yQujEX,617,2005-08-04,Heda Birkenhead
gpendrillh5,gpendrillh5@salon.com,uxD0ieWTn,618,1986-02-28,Garik Pendrill
lgillionsh6,lgillionsh6@webeden.co.uk,fKBtgRblLlS3,619,2010-10-19,Lucinda Gillions
maldgateh7,maldgateh7@canalblog.com,6Vi9jN4,620,1985-01-25,Maitilde Aldgate
ynettingh8,ynettingh8@paginegialle.it,hz2YlqFy,621,1995-12-25,Yevette Netting
mlaileyh9,mlaileyh9@omniture.com,UxpR2nvzafF,622,2005-01-11,Merrilee Lailey
jpulbrookha,jpulbrookha@cocolog-nifty.com,TL2EwrBNqDH,623,2004-05-21,Julian Pulbrook
hmcclenanhb,hmcclenanhb@geocities.com,SJEkiZNZjL,624,1999-11-23,Honoria McClenan
fheelishc,fheelishc@ucla.edu,xRb0aXiXASRd,625,2007-08-13,Frederick Heelis
aharowerhd,aharowerhd@shop-pro.jp,eSpg2zzvaU2A,626,1991-08-16,August Harower
gspirehe,gspirehe@rambler.ru,uBpzuhsO6R,627,1987-03-09,Guendolen Spire
rharcasehf,rharcasehf@craigslist.org,YA5AK9gUznz,628,1984-11-19,Rudy Harcase
lclemmenshg,lclemmenshg@51.la,28aKf7MPmr,629,2008-08-28,Loleta Clemmens
nocrevanhh,nocrevanhh@sina.com.cn,bdW5izSSJU,630,1990-03-19,Natividad O'Crevan
pteresehi,pteresehi@xrea.com,IanVNN,631,2001-10-01,Phillie Terese
gthickpennyhj,gthickpennyhj@taobao.com,G9YDoZoMsCw,632,1985-12-05,Gordan Thickpenny
tvankinhk,tvankinhk@columbia.edu,FrD1JMWttIs,633,1993-09-02,Titos Vankin
lsimanenkohl,lsimanenkohl@moonfruit.com,ZBgaweSYpgaR,634,1996-06-10,Leicester Simanenko
dstrutleyhm,dstrutleyhm@google.de,vDb1Ii,635,2003-06-07,Drucy Strutley
ygopsillhn,ygopsillhn@vinaora.com,Rfj9sY,636,1993-01-11,Yvon Gopsill
lmathewsonho,lmathewsonho@discovery.com,wnA2bw,637,2002-01-23,Louis Mathewson
mtomkinsonhp,mtomkinsonhp@com.com,M32rq0JH6CQK,638,1989-03-23,Marlene Tomkinson
ggavenhq,ggavenhq@friendfeed.com,Ctpzpmsqy,639,2008-07-27,Gianina Gaven
clatterhr,clatterhr@vk.com,kqZfh2HMgHi2,640,2002-02-14,Chauncey Latter
lgiacaponihs,lgiacaponihs@hao123.com,LoEo0L5vR,641,2012-05-31,Leanna Giacaponi
teakensht,teakensht@gravatar.com,1BNBeGEs,642,2000-09-17,Tuckie Eakens
jgeelyhu,jgeelyhu@t-online.de,eMaRaMIn3q2,643,1988-10-25,Jonie Geely
efloyedhv,efloyedhv@google.nl,GV06fliEd2r,644,1988-12-09,Emmalee Floyed
jgillerhw,jgillerhw@marketwatch.com,nHceNzv9bX,645,2007-11-21,Jaquelyn Giller
neddicotthx,neddicotthx@sakura.ne.jp,D5ZLvkDH9FZ2,646,2001-06-21,Neddie Eddicott
ctollehy,ctollehy@last.fm,FgmIH31sW,647,2007-09-19,Celle Tolle
erusthz,erusthz@who.int,jXJCNepurc0D,648,1987-03-14,Eldin Rust
cgiorgionii0,cgiorgionii0@wordpress.com,XRoFSi9K,649,1984-11-26,Che Giorgioni
dmerceri1,dmerceri1@japanpost.jp,uaWxs9pjgkTK,650,2002-06-25,Danny Mercer
abedboroi2,abedboroi2@oakley.com,eXB2jV2XT,651,2009-08-19,Arnie Bedboro
kjohanssoni3,kjohanssoni3@hc360.com,Ufr8jTD,652,1985-03-17,Kerrin Johansson
jfigliovannii4,jfigliovannii4@newyorker.com,cIe9AJLURTh,653,1986-11-05,Jodee Figliovanni
calishoneri5,calishoneri5@example.com,X2lTZxWJIfN,654,2000-03-14,Chico Alishoner
pmehmeti6,pmehmeti6@chron.com,xyyHOH0t2,655,1996-10-31,Peadar Mehmet
omallenderi7,omallenderi7@surveymonkey.com,ZHlga678RnEP,656,2011-02-03,Otha Mallender
lcoupei8,lcoupei8@zdnet.com,xjR2TZAUeZw,657,1999-07-25,Larissa Coupe
rdabornei9,rdabornei9@archive.org,HLFNxp,658,1984-08-03,Reube Daborne
covellia,covellia@yolasite.com,OuMmXrvKzR,659,1987-08-21,Cathie Ovell
acocciib,acocciib@yale.edu,JzHeepho,660,1998-03-26,Ainslie Cocci
djeannaudic,djeannaudic@alibaba.com,4yrZeCkk,661,2008-10-16,Danie Jeannaud
fspowartid,fspowartid@thetimes.co.uk,BwIND0e1C,662,1985-04-22,Flossie Spowart
rthurlbornie,rthurlbornie@chronoengine.com,1OiGeNbTXsQG,663,1997-10-17,Rozele Thurlborn
redonif,redonif@nyu.edu,m7ZKrpQIHxa,664,1999-09-11,Revkah Edon
hmorotig,hmorotig@google.nl,xiVDxPrcD,665,1988-03-28,Hedvig Morot
miggaldenih,miggaldenih@bbb.org,jd8oko97i,666,2008-06-28,Myron Iggalden
hchingii,hchingii@cyberchimps.com,TjfYmrk,667,2000-07-09,Howey Ching
cwhooleyij,cwhooleyij@weather.com,9DAML8g45,668,2008-07-23,Claybourne Whooley
kdalyellik,kdalyellik@soundcloud.com,tz1BXHth,669,2006-01-17,Karlen Dalyell
wbigadikeil,wbigadikeil@storify.com,G2vpOChnsMd,670,1997-01-06,Wini Bigadike
nmcgonnellim,nmcgonnellim@ycombinator.com,3rNXT7OSxd2,671,2001-07-05,Nanete McGonnell
cgoodfellowein,cgoodfellowein@toplist.cz,KKkQWLma2T3u,672,2001-12-12,Cynthie Goodfellowe
jwhappleio,jwhappleio@tiny.cc,Q14geqiqo,673,1989-08-28,Joline Whapple
rgreystokeip,rgreystokeip@4shared.com,viACy9e,674,1992-06-07,Roch Greystoke
mcicccittiiq,mcicccittiiq@tiny.cc,2IYDoqAYI,675,1987-02-06,Maure Cicccitti
wmcclearyir,wmcclearyir@360.cn,7jf5KU3y,676,1985-01-09,Warde McCleary
aquantis,aquantis@vistaprint.com,HIVeOZ2Jzr7k,677,2006-01-25,Andris Quant
dhinzerit,dhinzerit@blinklist.com,HM2I8dONsYBH,678,1985-06-09,Davy Hinzer
pdagleasiu,pdagleasiu@time.com,uHaWeyWK,679,1990-11-09,Pauletta Dagleas
ltourmelliv,ltourmelliv@ovh.net,TY9nDAqm,680,2008-10-23,Levon Tourmell
ldidballiw,ldidballiw@123-reg.co.uk,sJBtWAkL1GQ,681,1993-09-22,Linc Didball
khatryix,khatryix@bravesites.com,nfCzVdwdrTe,682,1986-06-08,Katine Hatry
ppollyiy,ppollyiy@smh.com.au,IYTG4U2,683,1986-03-18,Poppy Polly
zheatlyiz,zheatlyiz@blogtalkradio.com,I0BC7lQf,684,2010-01-31,Zarah Heatly
warendj0,warendj0@1688.com,uqs5onYQh,685,1995-07-30,Wendi Arend
rfavelj1,rfavelj1@comsenz.com,0AXEP6H2Hb,686,1993-04-03,Rooney Favel
jdonaghiej2,jdonaghiej2@admin.ch,Vvs0beH1z8E,687,2011-01-16,Jelene Donaghie
krosenfelderj3,krosenfelderj3@phpbb.com,faWMJo8,688,1993-06-10,Kassi Rosenfelder
sglavej4,sglavej4@toplist.cz,4Du14UiiGR,689,1997-02-08,Shandeigh Glave
mbolleyj5,mbolleyj5@mit.edu,CKl4xmcw,690,1992-12-29,Marlo Bolley
rpettyferj6,rpettyferj6@ameblo.jp,ofIB0bw1Zi5i,691,2011-03-21,Ronnie Pettyfer
wmannj7,wmannj7@com.com,FUb68TyiycG,692,2012-01-30,Wyndham Mann
rhabberjamj8,rhabberjamj8@pagesperso-orange.fr,mxWgDZ,693,2003-11-13,Randolph Habberjam
sfurnessj9,sfurnessj9@psu.edu,NArzm2Vmr,694,2006-02-09,Stanton Furness
abunsonja,abunsonja@simplemachines.org,2FUO405,695,2000-09-01,Anetta Bunson
bvaarjb,bvaarjb@google.es,9IvaCHPlo,696,1996-10-02,Burr Vaar
cbarnfieldjc,cbarnfieldjc@wikispaces.com,0y2AEu2W,697,1999-08-17,Caro Barnfield
mrabbejd,mrabbejd@plala.or.jp,nuL14O,698,2006-09-06,Mabelle Rabbe
ptakosje,ptakosje@aboutads.info,1liKBxiN9TM,699,1988-07-12,Pauly Takos
kedmandsjf,kedmandsjf@bloglines.com,OOSQOz9,700,2010-04-25,Kessiah Edmands
bwalrondjg,bwalrondjg@blinklist.com,IdAhSY9A,701,2001-04-22,Bibbie Walrond
yleemansjh,yleemansjh@360.cn,xnTuun2GOhmG,702,2008-03-22,Yul Leemans
coldfieldji,coldfieldji@booking.com,X3yxL1olI,703,2001-10-16,Collete Oldfield
rvanjj,rvanjj@home.pl,vCCChvcoF,704,1993-02-18,Retha Van Bruggen
tdwanejk,tdwanejk@tinyurl.com,0V8dzGrZVsB,705,2004-10-22,Tildi Dwane
jgundersonjl,jgundersonjl@newyorker.com,ZytfP8A,706,2007-06-14,Jemmie Gunderson
wbrownbilljm,wbrownbilljm@usatoday.com,tcUqjz,707,2003-09-09,West Brownbill
dpurserjn,dpurserjn@theglobeandmail.com,bF5bMRhdU,708,2002-05-04,Darci Purser
vkinnockjo,vkinnockjo@oracle.com,4NM7uCYFV,709,1988-03-06,Vasili Kinnock
sidiensjp,sidiensjp@linkedin.com,R69y91cta5,710,1992-12-07,Shir Idiens
bbaffordjq,bbaffordjq@last.fm,hNcdx2sd71Eu,711,1988-06-23,Babbette Bafford
tdorkinsjr,tdorkinsjr@abc.net.au,6hkGAG,712,2010-02-27,Thomasine Dorkins
gwenningtonjs,gwenningtonjs@skype.com,sm1o7x,713,1985-06-29,Gregory Wennington
rarnholdtjt,rarnholdtjt@mail.ru,uw6vkL,714,1988-07-10,Rosalyn Arnholdt
whedinju,whedinju@cornell.edu,JQv3yVbtgQE,715,1994-11-01,Willi Hedin
imulliganjv,imulliganjv@deviantart.com,KxDbM7m,716,1994-08-17,Ivie Mulligan
jhalsejw,jhalsejw@redcross.org,WBT9T8MdJg,717,1988-08-20,Janaya Halse
npuvejx,npuvejx@wikispaces.com,ZTnaEtw,718,1999-03-31,Nani Puve
vhumejy,vhumejy@moonfruit.com,rLCxMJ,719,2003-10-13,Veronique Hume
ukindreadjz,ukindreadjz@princeton.edu,YbouGP,720,1997-07-06,Una Kindread
jgeeritsk0,jgeeritsk0@aboutads.info,AG6xOisQO,721,1990-12-13,Jarret Geerits
jadrank1,jadrank1@pcworld.com,EfralX3nyFCp,722,2007-10-22,Jesus Adran
fjouningk2,fjouningk2@sina.com.cn,nmUNzI,723,1988-02-23,Faythe Jouning
mfloatk3,mfloatk3@hp.com,xBk24YGGq3m2,724,2001-11-01,Mackenzie Float
blonsbroughk4,blonsbroughk4@ehow.com,PVdFtP,725,1991-09-03,Bev Lonsbrough
gbaudik5,gbaudik5@cloudflare.com,NgYALjUYM,726,1988-06-02,Gav Baudi
fcrowek6,fcrowek6@bloglines.com,EY86VOlh,727,2004-02-01,Fianna Crowe
ntallk7,ntallk7@wordpress.com,ecMuNEqZE,728,2001-09-01,Northrop Tall
pskilbeckk8,pskilbeckk8@wsj.com,PbyWXu9l,729,2009-10-11,Patton Skilbeck
acundek9,acundek9@shinystat.com,EP4wCOiLE,730,1997-11-23,Aaron Cunde
atupieka,atupieka@themeforest.net,fqXi95OgLlm,731,1996-03-07,Alejandra Tupie
jfarniekb,jfarniekb@arstechnica.com,xge3CVlm,732,1994-03-01,Judy Farnie
eshawelkc,eshawelkc@hp.com,D98wqX,733,1992-04-12,Elysia Shawel
bkimbroughkd,bkimbroughkd@eepurl.com,qIupgfNwG,734,2004-05-09,Blithe Kimbrough
tsmorthitke,tsmorthitke@vimeo.com,CTQB01imI,735,1994-12-03,Tedd Smorthit
sbramhallkf,sbramhallkf@indiegogo.com,ndEr9Ez,736,2001-07-28,Sarajane Bramhall
tantalkg,tantalkg@fastcompany.com,ekqyaNJfoX,737,1990-05-20,Tiff Antal
amaruskakh,amaruskakh@alexa.com,mJ64r38J,738,1998-07-23,Abran Maruska
cescalaki,cescalaki@bing.com,ycQKZrUYXtF,739,1989-07-28,Colas Escala
tbucklerkj,tbucklerkj@usgs.gov,ULWbI4rJ0D,740,2000-06-08,Torrin Buckler
pcoyishkk,pcoyishkk@privacy.gov.au,FqD2hWCJX4,741,2001-02-28,Pall Coyish
jstrephankl,jstrephankl@mac.com,niyQCbwqZwu,742,1991-02-26,Jarret Strephan
ihryskiewiczkm,ihryskiewiczkm@aol.com,ylrnPR,743,1991-06-15,Ida Hryskiewicz
apankettmankn,apankettmankn@flavors.me,OU0FSRAg,744,1985-12-13,Amory Pankettman
kgassko,kgassko@imageshack.us,X5jCmMDALybz,745,1986-09-28,Kellen Gass
dsandrykp,dsandrykp@seesaa.net,cvWarV,746,2001-05-31,Danette Sandry
lwoolardkq,lwoolardkq@4shared.com,KRSAX8C,747,2011-09-28,Lucienne Woolard
npetranekkr,npetranekkr@nbcnews.com,P38qnH,748,2009-08-11,Nicolette Petranek
mgiamelliks,mgiamelliks@spotify.com,l7hKlkgHYJQ1,749,2002-05-07,Mikel Giamelli
nhatherellkt,nhatherellkt@blogspot.com,jx1RVZEP4nj9,750,1990-10-02,Nadean Hatherell
kmattacksku,kmattacksku@google.ca,0se9clyW4It,751,1987-04-09,Kaye Mattacks
jpaffettkv,jpaffettkv@creativecommons.org,7rrzsYst,752,1987-04-06,Jaquenetta Paffett
wcharltonkw,wcharltonkw@tiny.cc,Kym75J,753,1993-07-12,Whitaker Charlton
babreheartkx,babreheartkx@networksolutions.com,v3hiZj,754,2004-05-02,Bryana Abreheart
whandoverky,whandoverky@dropbox.com,jnVtB9wIjQ,755,1993-06-19,Weylin Handover
ghumpherstonkz,ghumpherstonkz@miibeian.gov.cn,5RKWkm4ODZr,756,1998-05-26,Gavin Humpherston
adevennyl0,adevennyl0@skyrock.com,bxmm6QFNsMv,757,1989-08-19,Arvy Devenny
cbalharryl1,cbalharryl1@theglobeandmail.com,oTksEy,758,1986-10-11,Cassaundra Balharry
bquantickl2,bquantickl2@typepad.com,uo0fqvh,759,1987-05-14,Bertina Quantick
dbertholinl3,dbertholinl3@pcworld.com,wWfCWnXCL,760,1993-09-24,Dot Bertholin
ebaldersonl4,ebaldersonl4@techcrunch.com,FvsZMqs,761,2004-08-12,Ely Balderson
pskulel5,pskulel5@japanpost.jp,ysCEyf,762,2005-12-21,Prent Skule
rbruinemanl6,rbruinemanl6@webs.com,UdDt7pq1wFS,763,1998-04-06,Rey Bruineman
eblinkhornl7,eblinkhornl7@cmu.edu,H1p5akUR7,764,1988-11-15,Ethelyn Blinkhorn
kmordyl8,kmordyl8@dmoz.org,tCWgvFlksD,765,2007-05-25,Kilian Mordy
ejoshl9,ejoshl9@dyndns.org,F6QdLPM,766,1997-11-27,Eb Josh
hnaveinla,hnaveinla@typepad.com,cU8dIJ,767,2005-01-08,Hodge Navein
ftugmanlb,ftugmanlb@about.com,f71Iir,768,1988-12-01,Fleur Tugman
gbirdlc,gbirdlc@gizmodo.com,MPeO5gZhxS,769,2011-02-16,Gabriele Bird
acesconld,acesconld@eventbrite.com,d8rZFri4,770,1994-08-04,Abra Cescon
rhemshallle,rhemshallle@phoca.cz,EHp9QgNTYxm,771,1997-06-06,Rene Hemshall
afosdykelf,afosdykelf@tinypic.com,zbBBKBkreO9o,772,1987-07-06,Adair Fosdyke
crockclifflg,crockclifflg@arstechnica.com,hOdvdTOvO0,773,1995-05-03,Caitlin Rockcliff
yleaflh,yleaflh@google.ru,aFAMqmIhF,774,2012-02-08,Yetty Leaf
yplummli,yplummli@ifeng.com,aorQ69a,775,2006-06-29,Yvor Plumm
alepiscopilj,alepiscopilj@si.edu,7OjTCtTTH7n,776,1986-02-09,Aubrette L'Episcopi
ssibyllinalk,ssibyllinalk@va.gov,ZYohJRD,777,1995-08-08,Skipper Sibyllina
dsilbersakll,dsilbersakll@blog.com,VtvpzapgF00,778,2011-03-30,Dulcy Silbersak
gfaddenlm,gfaddenlm@google.ru,SGcgonq9lgwu,779,2004-10-12,Grannie Fadden
hkeningtonln,hkeningtonln@tinyurl.com,ogNcMDNO5,780,1986-06-11,Hildegarde Kenington
nagguslo,nagguslo@dot.gov,7NmTOPwgsAdE,781,1992-11-18,Nancy Aggus
zcaudlelp,zcaudlelp@mysql.com,ddbIr5A2EhWm,782,1997-08-23,Zared Caudle
cbruggerlq,cbruggerlq@princeton.edu,MysKqiyq,783,2003-01-28,Culley Brugger
bsisnettlr,bsisnettlr@sohu.com,eEuutBbqS,784,1993-08-24,Bethanne Sisnett
crowettls,crowettls@chronoengine.com,FVFKI87i1,785,1996-11-15,Cloris Rowett
pzinklt,pzinklt@indiegogo.com,feBIorNAZIL,786,1991-03-03,Pace Zink
chaightonlu,chaightonlu@wikia.com,y3LPJbLbG,787,1996-08-04,Chadwick Haighton
edudgeonlv,edudgeonlv@pbs.org,OWeACeDEF34,788,1998-04-08,Emlen Dudgeon
aanwelllw,aanwelllw@exblog.jp,UDoW4rv6i,789,2007-09-04,Annelise Anwell
mshillingfordlx,mshillingfordlx@nbcnews.com,8GBt8sI,790,2011-12-30,Mechelle Shillingford
bbignallly,bbignallly@facebook.com,z6wtAqu,791,1998-07-13,Blinny Bignall
htrousdelllz,htrousdelllz@netlog.com,yVAmrT,792,2002-08-10,Helsa Trousdell
asikorskym0,asikorskym0@yelp.com,mrq9np,793,1985-01-25,Adamo Sikorsky
cblasm1,cblasm1@canalblog.com,muvflm9bwdk,794,2000-05-12,Consuela Blas
abraunstonm2,abraunstonm2@ycombinator.com,VcmfFY,795,2005-07-17,Almeta Braunston
gpashenm3,gpashenm3@cnbc.com,zN0RbACnue,796,2004-12-08,Guillermo Pashen
tlakelandm4,tlakelandm4@goodreads.com,NMnA9a,797,2012-05-19,Thom Lakeland
rbelvinm5,rbelvinm5@google.co.jp,aGVADJ3Wwfov,798,2008-04-08,Rocky Belvin
agaddm6,agaddm6@exblog.jp,eq7QczYzLU7,799,1986-12-29,Ade Gadd
agrugerrm7,agrugerrm7@census.gov,ecEfXgN,800,2000-08-12,Aubrey Grugerr
rcasacciom8,rcasacciom8@nps.gov,kEnbyUGDeSOU,801,2000-06-25,Robina Casaccio
tfairliem9,tfairliem9@disqus.com,YzHIwqRj2,802,1996-02-23,Tanney Fairlie
oreichhardtma,oreichhardtma@senate.gov,mkX8NIwX,803,1989-12-18,Orin Reichhardt
sbaileymb,sbaileymb@va.gov,VjnYED,804,1992-10-26,Sumner Bailey
tgontiermc,tgontiermc@e-recht24.de,YGRhP2,805,1992-10-06,Timi Gontier
hkirkbridemd,hkirkbridemd@jalbum.net,QXEtEs,806,2011-02-07,Hadlee Kirkbride
rfieldme,rfieldme@trellian.com,8HaPz5iD4KM,807,2003-04-10,Reinaldo Field
emcfetridgemf,emcfetridgemf@senate.gov,YAiRMD9qza,808,1996-03-27,Edeline McFetridge
sthickingmg,sthickingmg@nps.gov,TO0tUFtHojb,809,1996-05-19,Shelia Thicking
lmayhowmh,lmayhowmh@usa.gov,L1pBrYY,810,1986-08-19,Lindsey Mayhow
blovellmi,blovellmi@moonfruit.com,vK5MWmsIZONz,811,1986-12-09,Bear Lovell
jwanekmj,jwanekmj@oakley.com,WPolOCXOIVE,812,2005-01-28,Jennica Wanek
abattlesonmk,abattlesonmk@weibo.com,zh9wyM,813,1985-05-15,Ash Battleson
rhaskettml,rhaskettml@virginia.edu,igJ6RMY,814,1985-07-27,Rozelle Haskett
bkhilkovmm,bkhilkovmm@irs.gov,xZ60i4p,815,1985-12-11,Burke Khilkov
acowthardmn,acowthardmn@oaic.gov.au,af5CdWDhRt,816,1998-07-09,Anissa Cowthard
fcancellermo,fcancellermo@csmonitor.com,W4RnPz3Wmu5,817,1997-11-21,Finley Canceller
lkastelmp,lkastelmp@miibeian.gov.cn,4VJYNmh2yKM,818,2011-08-09,Leigh Kastel
jeslemontmq,jeslemontmq@wix.com,wVF4SF6,819,2001-06-19,Jacklin Eslemont
ekorneichukmr,ekorneichukmr@etsy.com,MXZJMvp,820,2011-04-05,Edwin Korneichuk
iladleyms,iladleyms@cafepress.com,aUWCYPjz0I,821,2012-05-25,Idaline Ladley
kneashammt,kneashammt@canalblog.com,ZwXHcqTAs,822,1999-09-20,Kessia Neasham
awitherbedmu,awitherbedmu@gizmodo.com,nLsFus,823,2009-09-17,Amie Witherbed
gangricmv,gangricmv@blogtalkradio.com,b0rEeLGR,824,2009-02-10,Guillermo Angric
apasqualemw,apasqualemw@woothemes.com,r0BJslD5r,825,1993-06-13,Anette Pasquale
ccramermx,ccramermx@hugedomains.com,cNtBmycu,826,1992-07-27,Clara Cramer
spenhearowmy,spenhearowmy@rakuten.co.jp,Tgzegoe,827,2011-09-05,Sandye Penhearow
mselmanmz,mselmanmz@moonfruit.com,FpToLMHvc0GH,828,2006-12-05,Mohandis Selman
sisaacsn0,sisaacsn0@hp.com,qNbXLEuOT,829,2011-12-13,Salvidor Isaacs
pbedboron1,pbedboron1@amazon.com,BFtc23T,830,1997-10-16,Phillida Bedboro
dalexandern2,dalexandern2@friendfeed.com,hmswl8muSFu,831,2003-03-25,Dionisio Alexander
boaklyn3,boaklyn3@dailymotion.com,zdpWwsN3,832,1997-10-16,Bastien Oakly
rcrannan4,rcrannan4@skype.com,huEbtsu,833,2007-01-26,Rahel Cranna
slangtreen5,slangtreen5@va.gov,xR8A0y,834,1996-10-04,Shantee Langtree
sgarthsiden6,sgarthsiden6@imageshack.us,FEm0O1TeVpcB,835,2007-11-29,Sibby Garthside
csreenann7,csreenann7@comsenz.com,OB8CVr9Rq6,836,1990-06-15,Clayson Sreenan
cspondern8,cspondern8@fema.gov,I2EqVr5gjZ,837,1986-01-03,Chandal Sponder
kaupoln9,kaupoln9@shareasale.com,lGlgnov,838,2011-09-14,Katusha Aupol
greadiena,greadiena@example.com,FdGXqCkPbl2,839,1992-06-19,Goldy Readie
rgallantnb,rgallantnb@cbslocal.com,jInRoXfIQw,840,2008-05-14,Rube Gallant
callsopnc,callsopnc@privacy.gov.au,kTz9p6N2i7,841,1994-12-11,Clemmy Allsop
kgrundellnd,kgrundellnd@timesonline.co.uk,m4QulU,842,2002-04-12,Keri Grundell
cwitchne,cwitchne@mysql.com,opr9PPb831D,843,2010-09-28,Cindelyn Witch
nchevertonnf,nchevertonnf@google.com.hk,ajCaKlL,844,1991-02-26,Napoleon Cheverton
cmartinetng,cmartinetng@cmu.edu,7epgjgwlDK,845,2007-11-26,Cleve Martinet
hgrettonnh,hgrettonnh@spotify.com,Aq9WkPGvORk,846,1991-09-08,Hamilton Gretton
ndurdleni,ndurdleni@home.pl,GAZMojS2bEGZ,847,2012-04-11,Nissy Durdle
jmcgannnj,jmcgannnj@nymag.com,Bl7vD7Qu8,848,2007-07-09,Jobye McGann
mwhitehairnk,mwhitehairnk@go.com,qH7G4uUl,849,2002-03-21,Maggi Whitehair
gnornablenl,gnornablenl@vk.com,rrU5hv,850,2005-11-26,Genia Nornable
atriggnm,atriggnm@dot.gov,4X17U0V,851,1993-07-12,Aristotle Trigg
eshavenn,eshavenn@boston.com,OyAeIcY6bJb,852,1995-12-22,Eldon Shave
alongleyno,alongleyno@soup.io,xFnNLUL,853,2008-10-28,Archy Longley
afarndalenp,afarndalenp@shop-pro.jp,oB805PP,854,2002-02-07,Ara Farndale
bjoliffenq,bjoliffenq@woothemes.com,Wi7tAFYrPyn,855,1997-05-10,Bernetta Joliffe
mgrimblenr,mgrimblenr@bbb.org,EXJj7l64pP,856,1995-03-03,Marlow Grimble
atickelns,atickelns@joomla.org,mIGaovmiW55n,857,1996-09-27,Ave Tickel
kslisbynt,kslisbynt@smugmug.com,50AHVYqWjX,858,1990-07-23,Kyle Slisby
bgoadsbynu,bgoadsbynu@sun.com,MSmK4RFHod,859,1986-06-12,Blair Goadsby
dramagenv,dramagenv@sohu.com,sdG9Oet0gH,860,2002-04-07,Dayna Ramage
joldacresnw,joldacresnw@google.fr,vACsYThMZaHR,861,1985-05-13,Josias Oldacres
dfriddnx,dfriddnx@miitbeian.gov.cn,HF2MFf4L,862,2009-05-09,Delcina Fridd
gliasny,gliasny@chicagotribune.com,Uv2vKFuKg,863,2010-10-13,Gaye Lias
nrolinsonnz,nrolinsonnz@mysql.com,7P2FHz6qiw,864,1990-12-25,Nady Rolinson
alightwingo0,alightwingo0@i2i.jp,SyDpM9UtpanR,865,2003-10-30,Adan Lightwing
saguirreo1,saguirreo1@booking.com,p5ZzlP,866,1990-04-23,Sayre Aguirre
lrebichono2,lrebichono2@nsw.gov.au,5IbTnBDfXAhd,867,2000-08-02,Leia Rebichon
tbrophyo3,tbrophyo3@disqus.com,pssxxKS3LlZ,868,2004-06-20,Tobias Brophy
rlapthorneo4,rlapthorneo4@networksolutions.com,MkONSAfy,869,2000-05-06,Rickie Lapthorne
tkeileyo5,tkeileyo5@studiopress.com,kcz3yD,870,2004-07-20,Terrijo Keiley
drowello6,drowello6@thetimes.co.uk,wObQ6o9xoker,871,2009-01-02,Donelle Rowell
zgeeringo7,zgeeringo7@uiuc.edu,lRdjBUBgCCr,872,1994-06-10,Zita Geering
mlockeryo8,mlockeryo8@mashable.com,M03GWFD7aqnb,873,2000-03-15,Marney Lockery
ecambridgeo9,ecambridgeo9@mlb.com,bI5uTF,874,1986-12-07,Edita Cambridge
nmanningoa,nmanningoa@jigsy.com,uCBpYFA5f,875,2005-03-31,Nicolais Manning
kpindarob,kpindarob@histats.com,tLiFBhod,876,2009-03-17,Kimbra Pindar
hsykesoc,hsykesoc@nymag.com,96ynATV6p9X,877,1990-11-09,Harcourt Sykes
cjiroutekod,cjiroutekod@multiply.com,0JY0Ye946Jwo,878,1993-06-27,Ciel Jiroutek
nbodemeaidoe,nbodemeaidoe@illinois.edu,prkCj9Rho,879,2008-06-13,Nerty Bodemeaid
wferrarinof,wferrarinof@booking.com,oyVHir,880,2005-08-20,Waldo Ferrarin
kgallieog,kgallieog@addtoany.com,bnsSkR,881,1998-11-20,Koren Gallie
mbridieoh,mbridieoh@hibu.com,QpjMG2JR,882,1990-08-17,Mariele Bridie
lcrevaghoi,lcrevaghoi@amazon.de,lu7F3GrMoeOe,883,1988-04-06,Luce Crevagh
mgreveoj,mgreveoj@rakuten.co.jp,0z8snPnUEb,884,2011-07-17,Marten Greve
acanelasok,acanelasok@sfgate.com,MhYy6kMNo0TD,885,1994-10-17,Agathe Canelas
atoppingol,atoppingol@bloglovin.com,d6wvT9R,886,2002-04-01,Aubrie Topping
rtotmanom,rtotmanom@usda.gov,246PJYO,887,1986-01-08,Rickard Totman
lbelfiton,lbelfiton@ovh.net,k8UdFVJz7aw,888,1984-11-29,Lona Belfit
ulaneoo,ulaneoo@ihg.com,2YG8NtEGjmeW,889,1987-12-03,Uriel Lane
nderkesop,nderkesop@tmall.com,LYLbP7ossO,890,1999-11-23,Nariko Derkes
rmolfinooq,rmolfinooq@reference.com,ALwRrR,891,2001-11-02,Roberta Molfino
lreddor,lreddor@oakley.com,OQoSACBWDn,892,2006-12-05,Luke Redd
adwireos,adwireos@usgs.gov,hzBok76KrR,893,1991-04-10,Ainslee Dwire
jjarredot,jjarredot@chron.com,WJtOKJZS,894,1994-03-21,Jehanna Jarred
dsleightholmou,dsleightholmou@wordpress.com,uIeYkXK,895,2002-03-28,Delilah Sleightholm
obuckstonov,obuckstonov@seattletimes.com,V5a9x91fWL,896,1985-11-29,Olympe Buckston
bvantow,bvantow@webmd.com,hfGjhRtxwVk,897,1985-05-28,Belva Van't Hoff
cbeenhamox,cbeenhamox@adobe.com,2vBODpSmWRd,898,1986-10-13,Cathleen Beenham
aredhouseoy,aredhouseoy@issuu.com,nUfa2m,899,1987-05-04,Anabelle Redhouse
dbluesoz,dbluesoz@freewebs.com,eyAOxDeBu,900,1988-11-03,Dorothy Blues
claveryp0,claveryp0@furl.net,6dT02vyQ4B,901,1995-03-16,Carolina Lavery
nferbrachep1,nferbrachep1@psu.edu,gymL4c,902,2011-09-05,Neel Ferbrache
npowlettp2,npowlettp2@squidoo.com,wMsJpu61ne,903,2009-09-09,Nana Powlett
wpawelecp3,wpawelecp3@uol.com.br,Ymmrg2f,904,2012-06-30,Wilow Pawelec
tmcauslandp4,tmcauslandp4@answers.com,0PCl8z,905,2012-03-03,Terencio McAusland
jbudcockp5,jbudcockp5@ucsd.edu,LfdOqEZatC,906,1996-08-31,Jacob Budcock
aroswarnp6,aroswarnp6@com.com,KMnthapiZKAr,907,2012-11-29,Alfie Roswarn
skonerdingp7,skonerdingp7@dailymail.co.uk,v5F2vddPnR,908,1984-09-18,Stevana Konerding
ngalileep8,ngalileep8@php.net,fSDL5yUqb,909,1985-08-15,Ninetta Galilee
dghionp9,dghionp9@google.com.au,88EQYcLGej,910,2010-02-17,Danella Ghion
kvashchenkopa,kvashchenkopa@sakura.ne.jp,0xQC76s,911,2002-04-18,Kari Vashchenko
wchantillonpb,wchantillonpb@php.net,qt9c2kV,912,1995-11-19,Wileen Chantillon
wwhitmorepc,wwhitmorepc@economist.com,TM7nyx9,913,1993-04-28,Waite Whitmore
mbloyespd,mbloyespd@salon.com,zWX0HnWmo,914,1998-08-11,Mayne Bloyes
dstairspe,dstairspe@goo.ne.jp,elFMOcV5,915,2001-09-19,Dara Stairs
tewbanckpf,tewbanckpf@cmu.edu,nyE9ctdaprAY,916,2007-04-29,Theda Ewbanck
dgilchristpg,dgilchristpg@msu.edu,KrRkFaUc1Fa,917,2002-05-09,Devland Gilchrist
tcranchph,tcranchph@house.gov,zVsmiw,918,2005-07-21,Tanner Cranch
loswalpi,loswalpi@facebook.com,1UkZUN3GN4,919,2012-11-13,Loise Oswal
gdellenbrokpj,gdellenbrokpj@va.gov,Bin9Xl,920,2001-10-04,Guendolen Dellenbrok
awoodpk,awoodpk@princeton.edu,11SyVc,921,2000-03-15,Ashley Wood
ydixsonpl,ydixsonpl@reuters.com,ey3F0zvgB,922,2003-11-10,Yurik Dixson
mnellespm,mnellespm@illinois.edu,vBZTI5PlnC,923,2009-07-11,Moore Nelles
tarckollpn,tarckollpn@webmd.com,7ylEzzm,924,1997-04-02,Tarrance Arckoll
acraisfordpo,acraisfordpo@spotify.com,CxdbX4aaHOa,925,2012-01-19,Ailsun Craisford
mbroszkiewiczpp,mbroszkiewiczpp@apache.org,M8Bkfzi3Tpb,926,2006-12-27,Matthias Broszkiewicz
sdyneleypq,sdyneleypq@163.com,vEKNreh,927,1991-01-13,Sander Dyneley
dchattopr,dchattopr@scribd.com,sHw0x1Xi0RV7,928,1984-09-25,Davidson Chatto
jcowlamps,jcowlamps@reddit.com,MPOTF1,929,2003-01-12,Justina Cowlam
jcornierpt,jcornierpt@addthis.com,fPEnckUzTE,930,2001-05-03,Johanna Cornier
btumiellipu,btumiellipu@desdev.cn,jFD1LEvAs,931,2006-10-02,Bald Tumielli
mdakepv,mdakepv@quantcast.com,xnCs82,932,2012-09-24,Mozelle Dake
bpedrolpw,bpedrolpw@webmd.com,uH0KGdd,933,2008-02-03,Batholomew Pedrol
kchampnesspx,kchampnesspx@printfriendly.com,qhWC1F,934,1992-05-15,Karoline Champness
kkofaxpy,kkofaxpy@deviantart.com,tCy6JIeI0EV,935,1989-04-12,Kelby Kofax
jokendenpz,jokendenpz@topsy.com,l9ONnyeVzS,936,1986-01-28,Jarrod Okenden
amattersonq0,amattersonq0@liveinternet.ru,nwknDDzby9N,937,2006-11-13,Austina Matterson
flockierq1,flockierq1@google.es,7dTpzNqZmC,938,1996-09-15,Flossie Lockier
erobynsq2,erobynsq2@rakuten.co.jp,3ZR0pEH,939,2001-09-29,Ellwood Robyns
hlavinq3,hlavinq3@apple.com,quMlVW2,940,1987-02-23,Hew Lavin
nmorysonq4,nmorysonq4@alexa.com,w3KJuER,941,1995-07-31,Natalie Moryson
kpaulitschkeq5,kpaulitschkeq5@oracle.com,4G7YMKJQP,942,2009-10-07,Kaia Paulitschke
cthawq6,cthawq6@vimeo.com,kxK5asT,943,2005-06-29,Carine Thaw
glindenmanq7,glindenmanq7@dell.com,Abp3ol,944,1996-06-26,Gustie Lindenman
scrowdsonq8,scrowdsonq8@sakura.ne.jp,ndMbn62vdvCq,945,1989-02-01,Sonny Crowdson
kdaveyq9,kdaveyq9@t.co,rMBiApPWaz,946,1989-12-08,Kalindi Davey
bnaryqa,bnaryqa@nba.com,fkeNvfjRPUa,947,2008-12-04,Bobbye Nary
mpurkissqb,mpurkissqb@g.co,vP6i9xRwq,948,2000-07-17,Maurits Purkiss
mgrazierqc,mgrazierqc@huffingtonpost.com,eeNmcSzV3j1E,949,1996-06-13,Misty Grazier
rshallcroffqd,rshallcroffqd@google.com.hk,3WlxrPTm2e,950,2002-06-07,Redford Shallcroff
hviolletqe,hviolletqe@time.com,qKtiMTQCba1v,951,2009-08-26,Hieronymus Viollet
gvanqf,gvanqf@smh.com.au,0HK89rCspU4,952,2002-09-26,Gibby Van der Baaren
pbushillqg,pbushillqg@clickbank.net,pU0ulQl6BL,953,1994-02-13,Philipa Bushill
cskateqh,cskateqh@google.com.hk,GKjDnjxW,954,1989-12-28,Corissa Skate
kmcwhannelqi,kmcwhannelqi@studiopress.com,LgoEMlnT,955,2010-02-25,Kath McWhannel
abraggintonqj,abraggintonqj@bandcamp.com,XseEFHdQ,956,1998-06-23,Alanah Bragginton
cliffeqk,cliffeqk@stanford.edu,IAJfsj,957,2001-02-03,Cherida Liffe
edealyql,edealyql@artisteer.com,MLjgUBJpZj1,958,2009-03-06,Eda Dealy
tcolenuttqm,tcolenuttqm@mediafire.com,4Xuzbcnh,959,1993-04-07,Trina Colenutt
gwitterqn,gwitterqn@sina.com.cn,eEAgd3OzH,960,2011-12-15,Grant Witter
lgottsqo,lgottsqo@bizjournals.com,lMnyhaIrTO,961,2011-12-31,Linnet Gotts
jlathburyqp,jlathburyqp@unicef.org,brIJkWO1I1r,962,1988-05-01,Jessamyn Lathbury
lotierneyqq,lotierneyqq@1688.com,GvwiEXI0b3j,963,1989-03-23,Lisha O'Tierney
gbenardqr,gbenardqr@cisco.com,pEaibnP5H,964,2006-04-10,Glen Benard
sabaroughqs,sabaroughqs@meetup.com,neVJOGaeSoli,965,1992-06-03,Suellen Abarough
awindasqt,awindasqt@youku.com,POnhwKwCjm4,966,1992-08-23,Austina Windas
bbrannoqu,bbrannoqu@infoseek.co.jp,zvz5nZ6D8,967,2007-02-01,Boycey Branno
eplascottqv,eplascottqv@opera.com,Fra78sz,968,1998-04-22,Elberta Plascott
spreedyqw,spreedyqw@craigslist.org,OgSjfMUnXgMT,969,2006-10-08,Sancho Preedy
htorbettqx,htorbettqx@spiegel.de,vAy7vVfYcS7,970,2003-09-13,Hardy Torbett
hsmissenqy,hsmissenqy@marketwatch.com,dQx79MneqGhy,971,1996-02-06,Huntley Smissen
asantarelliqz,asantarelliqz@1688.com,l4LtIsa,972,2010-05-30,Amara Santarelli
jmounchr0,jmounchr0@google.it,w9mURbNuix,973,1995-09-26,Jannelle Mounch
msuattr1,msuattr1@wikipedia.org,L6cx2Y,974,1987-03-07,Marcy Suatt
lclaguer2,lclaguer2@ask.com,7RPg6JGj87R,975,1998-09-26,Lee Clague
dminchintonr3,dminchintonr3@shutterfly.com,E8YJUjH82g,976,2001-05-03,Delilah Minchinton
scurringtonr4,scurringtonr4@time.com,hRmoBnP0O,977,2002-03-24,Shane Currington
whassettr5,whassettr5@dagondesign.com,WXQM040t,978,2005-06-15,Warden Hassett
sconwellr6,sconwellr6@freewebs.com,8RS26cWn,979,2010-02-08,Silvan Conwell
tanteckir7,tanteckir7@vistaprint.com,ANo598zWI,980,2011-01-10,Theda Antecki
kgriptonr8,kgriptonr8@gizmodo.com,dbXO6YR0V,981,2002-12-12,Kristel Gripton
rclemmenr9,rclemmenr9@irs.gov,ue3aniZ0t,982,1996-08-13,Ruben Clemmen
ncannanra,ncannanra@cloudflare.com,oi0zyj7b,983,2000-06-14,Nora Cannan
cskainsrb,cskainsrb@issuu.com,mmAMa2vQQD,984,2011-09-13,Cyrille Skains
nkirkrc,nkirkrc@aol.com,1wm4BSzFYKr,985,2007-03-02,Natal Kirk
pjankiewiczrd,pjankiewiczrd@newyorker.com,iKQlrRiiYbmv,986,2012-03-03,Phil Jankiewicz
rdoudre,rdoudre@acquirethisname.com,oQRQvqjH2Jd,987,2000-02-10,Raddie Doud
dpetorf,dpetorf@simplemachines.org,1Jdi5rPL4kf,988,1997-03-30,Dewain Peto
msemechikrg,msemechikrg@tripadvisor.com,CP29fUxxeA3,989,2004-11-02,Mirilla Semechik
lpancoastrh,lpancoastrh@g.co,LPpkR04crv,990,1990-06-13,Lucille Pancoast
lwiddowesri,lwiddowesri@buzzfeed.com,bfVG74SMQyL,991,2006-11-06,Lea Widdowes
vseersrj,vseersrj@cmu.edu,vXHgJgEBXx,992,1986-09-07,Vere Seers
flazenbyrk,flazenbyrk@alexa.com,Xcg8kCL,993,1988-08-29,Fabien Lazenby
mspiaggiarl,mspiaggiarl@shareasale.com,B4KZbwkYm,994,1991-07-07,Margi Spiaggia
rquigleyrm,rquigleyrm@netscape.com,neoACCKNR5,995,1994-03-17,Rivalee Quigley
cjunesrn,cjunesrn@paginegialle.it,W7Q4ql83,996,1992-11-17,Codie Junes
krojelro,krojelro@economist.com,2X51E8Oda,997,1984-12-01,Karoly Rojel
oarmourrp,oarmourrp@mit.edu,q04FnS4r,998,2004-11-10,Oralie Armour
mmaccrackenrq,mmaccrackenrq@hp.com,wenIJWP,999,2000-05-14,Maxy MacCracken
gbrinkworthrr,gbrinkworthrr@elpais.com,y7bk7g3,1000,2010-04-24,Garnette Brinkworth
