id,first_name,last_name,email,studentID,ip_address
1,Gaby,Maxsted,gmaxsted0@ask.com,1,253.41.22.239
2,Della,Dansey,ddansey1@digg.com,76,78.65.174.230
3,Amalie,Weal,aweal2@irs.gov,25,214.141.3.140
4,Hagan,Rothman,hrothman3@biglobe.ne.jp,3,135.227.59.249
5,Kort,McKinty,kmckinty4@dyndns.org,6,237.12.127.39
6,Fred,Eldershaw,feldershaw5@dell.com,51,47.216.221.116
7,Zach,Mundow,zmundow6@lulu.com,47,96.170.68.230
8,Ashton,Mathen,amathen7@biblegateway.com,96,60.17.130.245
9,Fawn,Dorsey,fdorsey8@hc360.com,12,197.126.132.187
10,Sella,Wantling,swantling9@mediafire.com,44,203.218.24.81
11,Evey,Stacy,estacya@goo.gl,97,10.220.145.72
12,Remus,Ifill,rifillb@indiegogo.com,4,202.211.155.134
13,Jacquelyn,Leeman,jleemanc@psu.edu,66,200.25.126.109
14,Maynord,Stritton,mstrittond@hexun.com,83,127.205.25.249
15,Dierdre,Matevushev,dmatevusheve@walmart.com,39,165.169.67.124
16,Stanleigh,Clendennen,sclendennenf@barnesandnoble.com,55,46.80.131.75
17,Elvis,Prendeville,eprendevilleg@tiny.cc,95,87.154.233.216
18,Anna,O'Doohaine,aodoohaineh@patch.com,66,106.7.74.113
19,Demetra,Propper,dpropperi@techcrunch.com,16,26.97.13.11
20,Susanetta,Vasilchenko,svasilchenkoj@nps.gov,85,123.168.66.97
21,Erica,Czaple,eczaplek@artisteer.com,69,15.142.30.64
22,Mikol,Creddon,mcreddonl@sun.com,79,10.205.142.134
23,Dayle,Tomaszczyk,dtomaszczykm@hp.com,56,204.40.1.97
24,Annissa,Addie,aaddien@businesswire.com,80,33.245.247.239
25,Tally,Webber,twebbero@topsy.com,34,228.159.170.108
26,Channa,Huncoot,chuncootp@ihg.com,33,173.26.68.223
27,Tyler,Sprionghall,tsprionghallq@facebook.com,38,202.234.145.243
28,Turner,Twort,ttwortr@taobao.com,36,49.137.165.111
29,Chico,Raysdale,craysdales@cnet.com,21,188.220.45.30
30,Cory,Gosson,cgossont@issuu.com,28,167.76.67.112
31,Kassey,Mutton,kmuttonu@blogtalkradio.com,51,148.50.218.229
32,Tedi,Cobley,tcobleyv@yellowbook.com,44,45.123.221.228
33,Viole,Ruffell,vruffellw@salon.com,76,254.187.144.199
34,Jeannine,Hullot,jhullotx@rakuten.co.jp,16,106.142.158.231
35,Christiane,Pinckney,cpinckneyy@kickstarter.com,45,212.106.5.109
36,Henri,Thoresbie,hthoresbiez@cloudflare.com,75,50.172.32.229
37,Dina,D'Alesco,ddalesco10@adobe.com,53,184.78.120.24
38,Sharron,Walster,swalster11@dailymail.co.uk,80,185.199.101.183
39,Peri,Dybell,pdybell12@state.tx.us,78,215.137.203.21
40,Merilyn,Moorerud,mmoorerud13@chronoengine.com,45,84.210.149.31
41,Westleigh,Habard,whabard14@nasa.gov,97,192.135.2.78
42,Osbourne,Lesley,olesley15@google.fr,29,164.233.139.215
43,Gawain,Hilldrup,ghilldrup16@github.com,22,249.109.234.197
44,Pearla,MacNeilley,pmacneilley17@oracle.com,79,171.35.76.41
45,Cassius,Frean,cfrean18@miibeian.gov.cn,29,103.223.121.16
46,Doti,Cundey,dcundey19@tinypic.com,20,140.85.0.78
47,Fredek,Domel,fdomel1a@wiley.com,88,161.224.42.54
48,Virginia,Duffill,vduffill1b@jimdo.com,60,104.36.125.178
49,Lemmy,Madgett,lmadgett1c@adobe.com,30,156.235.84.127
50,Michele,Finlater,mfinlater1d@tmall.com,11,203.55.99.173
51,Crystal,Cherrison,ccherrison1e@fc2.com,71,217.139.113.168
52,Ezechiel,Laddle,eladdle1f@odnoklassniki.ru,70,145.218.53.242
53,Jedediah,Yu,jyu1g@hhs.gov,99,187.214.148.134
54,Jerrie,Crang,jcrang1h@ucla.edu,28,99.212.29.170
55,Patience,Stribling,pstribling1i@4shared.com,13,98.101.54.66
56,Elly,Corn,ecorn1j@hostgator.com,96,190.226.166.111
57,Laverne,Davidofski,ldavidofski1k@flavors.me,20,197.51.95.163
58,Juline,Tissell,jtissell1l@ihg.com,94,212.229.148.238
59,Eustace,Bleesing,ebleesing1m@angelfire.com,64,143.236.218.195
60,Archibald,Grasser,agrasser1n@macromedia.com,53,61.211.49.132
61,Odelle,Fontenot,ofontenot1o@ucsd.edu,5,7.169.91.172
62,Brook,Hollier,bhollier1p@twitter.com,3,9.28.195.130
63,Neddy,Duffyn,nduffyn1q@yolasite.com,58,186.22.246.3
64,Joannes,Patnelli,jpatnelli1r@tiny.cc,75,62.129.146.213
65,Minerva,Francescotti,mfrancescotti1s@tamu.edu,69,0.212.133.206
66,Alaric,Lissandri,alissandri1t@reddit.com,98,143.82.131.208
67,Giavani,Petschelt,gpetschelt1u@hugedomains.com,11,254.33.171.74
68,Tandy,Pagden,tpagden1v@example.com,42,23.227.50.251
69,Brad,Vance,bvance1w@flavors.me,59,10.189.34.120
70,Wolfgang,Ormiston,wormiston1x@skyrock.com,78,91.112.185.170
71,Irving,Withringten,iwithringten1y@cdc.gov,30,79.202.119.252
72,Marten,Wohlers,mwohlers1z@ucoz.com,30,4.82.114.204
73,Gun,Cowell,gcowell20@bbc.co.uk,62,103.217.149.217
74,Sigrid,Joslow,sjoslow21@mozilla.com,65,32.253.87.159
75,Elden,Wasbrough,ewasbrough22@google.com.br,27,70.240.36.186
76,Lyn,Liddiard,lliddiard23@twitter.com,57,207.155.4.250
77,Leda,Huntly,lhuntly24@yahoo.co.jp,66,14.59.136.4
78,Hallsy,Brogini,hbrogini25@stumbleupon.com,34,150.233.238.97
79,Raquel,Stutter,rstutter26@yellowbook.com,8,207.114.119.181
80,Brana,Treeby,btreeby27@reuters.com,79,18.252.3.36
81,Daveen,Rockhill,drockhill28@amazon.co.jp,82,244.30.141.95
82,Euphemia,Harman,eharman29@tuttocitta.it,94,158.12.154.254
83,Beryl,MacMickan,bmacmickan2a@gov.uk,23,15.123.85.172
84,George,Gonet,ggonet2b@squarespace.com,49,75.128.82.212
85,Bram,Ghion,bghion2c@qq.com,27,65.112.228.196
86,Issiah,Altimas,ialtimas2d@hc360.com,51,89.212.254.124
87,Baxy,Skegg,bskegg2e@sciencedirect.com,34,86.13.172.149
88,Gabbi,Philliskirk,gphilliskirk2f@google.co.jp,14,69.228.63.222
89,Meyer,Thornham,mthornham2g@go.com,98,22.195.97.158
90,Christophorus,Itzkin,citzkin2h@webeden.co.uk,2,3.237.207.130
91,Ashia,MacNamee,amacnamee2i@booking.com,92,60.44.100.196
92,Huberto,Caldera,hcaldera2j@vistaprint.com,9,179.6.245.161
93,Mylo,Everix,meverix2k@bbc.co.uk,78,126.221.82.123
94,Marchall,Moreno,mmoreno2l@mediafire.com,50,120.245.219.18
95,Minny,Ivashchenko,mivashchenko2m@github.io,73,54.5.68.1
96,Lib,Peploe,lpeploe2n@flickr.com,40,164.50.30.84
97,Casandra,Syers,csyers2o@buzzfeed.com,8,46.169.217.219
98,Dulcia,Hug,dhug2p@storify.com,21,191.194.140.183
99,Nelia,Royle,nroyle2q@umn.edu,76,199.115.143.6
100,Bridget,Colbourn,bcolbourn2r@spotify.com,86,89.70.66.66
101,Ulrike,Andries,uandries2s@bluehost.com,65,24.48.158.226
102,Alfi,Cornborough,acornborough2t@engadget.com,3,165.118.224.132
103,Prent,Tite,ptite2u@princeton.edu,59,62.86.245.57
104,Angus,Fairfoull,afairfoull2v@networkadvertising.org,67,31.8.84.175
105,Orion,McGilroy,omcgilroy2w@berkeley.edu,42,49.47.158.68
106,Lorilee,Gurge,lgurge2x@seattletimes.com,66,225.58.123.1
107,De witt,Culligan,dculligan2y@businessweek.com,69,64.189.246.158
108,Barb,Vause,bvause2z@example.com,3,158.116.7.81
109,La verne,Fick,lfick30@nydailynews.com,77,108.45.244.68
110,Kippie,Hickisson,khickisson31@cdc.gov,66,59.86.26.227
111,Wait,McGlynn,wmcglynn32@cpanel.net,40,139.102.141.110
112,Zacharia,Coggan,zcoggan33@google.com.br,26,118.208.59.128
113,Sapphira,Brunini,sbrunini34@skype.com,7,158.12.105.14
114,Rianon,Goter,rgoter35@hostgator.com,85,158.16.126.78
115,Gayler,Monteaux,gmonteaux36@cornell.edu,46,17.76.118.94
116,Emilio,Teager,eteager37@stumbleupon.com,51,44.97.187.251
117,Melissa,Copozio,mcopozio38@msn.com,28,63.154.157.171
118,Erek,Frampton,eframpton39@bizjournals.com,56,41.8.192.23
119,Cordula,Staden,cstaden3a@devhub.com,4,4.219.175.54
120,Anett,Capron,acapron3b@free.fr,65,167.54.91.212
121,Marjie,Nugent,mnugent3c@house.gov,4,229.154.115.147
122,Beth,Flagg,bflagg3d@edublogs.org,86,143.75.81.22
123,Paton,Leckie,pleckie3e@theatlantic.com,40,159.140.99.236
124,Curran,Abelovitz,cabelovitz3f@delicious.com,45,172.186.124.199
125,Hyacinthie,Largen,hlargen3g@rakuten.co.jp,57,242.48.246.113
126,Rowan,Grishmanov,rgrishmanov3h@unicef.org,26,238.253.237.213
127,May,Elt,melt3i@github.io,79,112.33.97.11
128,Alanna,Lowdeane,alowdeane3j@seattletimes.com,10,27.69.133.130
129,Cybill,Trevon,ctrevon3k@prlog.org,36,20.108.237.141
130,Sybilla,Ben,sben3l@nytimes.com,12,237.197.110.107
131,Cristy,Apedaile,capedaile3m@delicious.com,43,115.109.41.69
132,Aggie,Willars,awillars3n@miibeian.gov.cn,31,72.24.162.255
133,Eberhard,Binding,ebinding3o@gmpg.org,50,61.61.187.87
134,Annelise,Ogley,aogley3p@chron.com,56,248.169.132.205
135,Townsend,Bassick,tbassick3q@scientificamerican.com,93,71.21.143.247
136,Portia,Welman,pwelman3r@blogspot.com,20,20.109.71.88
137,Marcia,Castro,mcastro3s@fotki.com,19,153.180.239.33
138,Gisela,Diggons,gdiggons3t@wikia.com,38,134.106.152.14
139,Oralla,Low,olow3u@rediff.com,8,211.197.111.136
140,Merwyn,Jessop,mjessop3v@reverbnation.com,72,147.19.27.99
141,Twila,Currier,tcurrier3w@sina.com.cn,72,192.219.3.109
142,Travis,Swayland,tswayland3x@live.com,47,34.106.126.100
143,Debor,Reggiani,dreggiani3y@phpbb.com,99,133.194.195.215
144,Kingston,Kienl,kkienl3z@yale.edu,31,74.98.22.200
145,Thornton,Furse,tfurse40@instagram.com,26,55.39.9.202
146,Sande,Ewart,sewart41@quantcast.com,66,131.174.167.32
147,Forrester,Goves,fgoves42@hatena.ne.jp,24,155.91.161.116
148,Wittie,Wycliff,wwycliff43@msu.edu,13,230.180.229.245
149,Babs,Mundall,bmundall44@networkadvertising.org,90,57.142.12.216
150,Bale,Hadlee,bhadlee45@japanpost.jp,75,213.152.130.151
151,Nance,Yeowell,nyeowell46@about.me,81,44.113.15.19
152,Karel,Edmenson,kedmenson47@ustream.tv,46,108.213.242.55
153,Ruby,Dumphries,rdumphries48@vistaprint.com,59,230.210.55.84
154,Johnnie,Bettaney,jbettaney49@stumbleupon.com,22,161.207.112.157
155,Lynnette,MacWilliam,lmacwilliam4a@1688.com,4,17.247.152.135
156,Karyn,Sainsbury,ksainsbury4b@icq.com,49,167.8.219.110
157,Fedora,Barrat,fbarrat4c@sitemeter.com,74,122.242.49.78
158,Randolf,Filchakov,rfilchakov4d@sbwire.com,41,216.108.217.133
159,Joscelin,Gerrans,jgerrans4e@scribd.com,77,4.158.76.212
160,Guthrey,Cresser,gcresser4f@shinystat.com,68,200.130.122.66
161,Robb,Renowden,rrenowden4g@clickbank.net,20,11.72.83.94
162,Joelly,Wankling,jwankling4h@about.com,1,209.21.92.28
163,Bordy,De Bruyn,bdebruyn4i@mayoclinic.com,54,13.244.75.90
164,Maria,Eastmead,meastmead4j@deliciousdays.com,83,237.224.206.109
165,Talbert,Streatfield,tstreatfield4k@nba.com,74,195.6.64.14
166,Billie,Crosdill,bcrosdill4l@xinhuanet.com,38,214.221.194.33
167,Felita,Maddison,fmaddison4m@whitehouse.gov,60,227.8.87.119
168,Lyndsey,Petchey,lpetchey4n@a8.net,22,121.47.69.209
169,Chilton,Fidgeon,cfidgeon4o@flavors.me,98,222.119.101.14
170,Dmitri,Gideon,dgideon4p@youtube.com,38,200.201.247.169
171,Brody,Fabbri,bfabbri4q@joomla.org,18,154.112.139.238
172,Aridatha,Agostini,aagostini4r@technorati.com,30,192.166.40.87
173,Guendolen,Mitchener,gmitchener4s@mail.ru,81,7.135.117.84
174,Letty,McAndie,lmcandie4t@arizona.edu,40,142.168.118.115
175,Marion,Voice,mvoice4u@nih.gov,63,137.251.121.237
176,Moshe,Gerant,mgerant4v@gmpg.org,74,196.157.172.47
177,Walden,Prendeville,wprendeville4w@gnu.org,1,205.112.89.98
178,Aluin,Stoll,astoll4x@last.fm,29,117.217.141.51
179,Andreas,Hedgeman,ahedgeman4y@ebay.co.uk,53,73.111.22.225
180,Yvon,Keeping,ykeeping4z@yandex.ru,100,209.156.16.32
181,Currie,Possell,cpossell50@youtube.com,56,124.190.27.193
182,Jayne,Romanski,jromanski51@baidu.com,10,222.103.167.187
183,Daron,Trebbett,dtrebbett52@jigsy.com,79,135.119.154.225
184,Giorgia,Storton,gstorton53@cnbc.com,20,25.121.96.29
185,Anastasia,Scocroft,ascocroft54@godaddy.com,91,210.199.74.125
186,Boyce,Sturdy,bsturdy55@yale.edu,28,98.197.201.224
187,Marlee,Roma,mroma56@nba.com,44,50.69.115.119
188,Clem,Seawright,cseawright57@state.gov,65,214.87.202.64
189,Alleen,De Gogay,adegogay58@upenn.edu,68,83.232.229.70
190,Nickolaus,Betonia,nbetonia59@marriott.com,84,165.176.230.121
191,Karlis,Labitt,klabitt5a@odnoklassniki.ru,8,202.141.235.144
192,Reidar,Challiss,rchalliss5b@indiegogo.com,77,139.98.226.128
193,Cloe,Thiolier,cthiolier5c@google.co.jp,46,11.228.145.126
194,Melesa,Canti,mcanti5d@hhs.gov,68,63.146.240.151
195,Liza,Cromly,lcromly5e@kickstarter.com,87,7.187.233.154
196,Rivkah,Frisch,rfrisch5f@un.org,85,106.37.97.182
197,Nancee,Longstreeth,nlongstreeth5g@jalbum.net,95,216.196.188.210
198,Giffer,Lisett,glisett5h@linkedin.com,12,242.41.248.41
199,Ginevra,Winborn,gwinborn5i@eventbrite.com,41,108.210.227.218
200,Cherida,Baudinet,cbaudinet5j@sitemeter.com,79,245.196.156.162
201,Elvina,Cancott,ecancott5k@naver.com,25,187.30.54.244
202,Renell,Gwyllt,rgwyllt5l@flickr.com,33,208.196.84.154
203,Mozes,McCrostie,mmccrostie5m@soup.io,74,7.160.197.136
204,Darrin,Giacomuzzo,dgiacomuzzo5n@yandex.ru,23,2.171.248.129
205,Dotti,Petrakov,dpetrakov5o@gravatar.com,31,105.56.6.120
206,Moyra,Calow,mcalow5p@nyu.edu,43,217.111.119.169
207,Zebulon,MacRierie,zmacrierie5q@telegraph.co.uk,61,96.194.103.72
208,Juan,Thomasset,jthomasset5r@cnbc.com,98,147.210.236.238
209,Gerard,deKnevet,gdeknevet5s@timesonline.co.uk,66,142.25.32.81
210,Brandais,Genty,bgenty5t@gravatar.com,65,236.179.122.163
211,Rouvin,Aubrun,raubrun5u@goo.gl,67,144.186.28.72
212,Agretha,Creddon,acreddon5v@1688.com,75,170.134.129.141
213,Mella,O'Skehan,moskehan5w@indiatimes.com,100,168.96.218.42
214,Sarita,Knightly,sknightly5x@csmonitor.com,76,154.134.176.124
215,Tasha,Grayer,tgrayer5y@seattletimes.com,7,190.33.162.251
216,Jewel,Watchorn,jwatchorn5z@vinaora.com,24,81.199.231.88
217,Kayla,Rudwell,krudwell60@cisco.com,53,79.95.139.108
218,Raffaello,Overal,roveral61@comsenz.com,75,173.28.241.92
219,Cly,Offner,coffner62@netvibes.com,3,218.63.139.91
220,Rubie,Brandts,rbrandts63@yale.edu,34,216.133.89.73
221,Baird,Lalley,blalley64@nymag.com,35,230.126.181.189
222,Wenda,Grzelczak,wgrzelczak65@indiegogo.com,46,204.113.1.196
223,Giffie,Bullcock,gbullcock66@oakley.com,27,229.179.77.113
224,Agathe,Keene,akeene67@list-manage.com,92,105.169.215.90
225,Bellanca,Metherell,bmetherell68@nymag.com,14,120.143.249.221
226,Misha,Graith,mgraith69@tmall.com,1,155.77.226.49
227,Ailee,Harrowing,aharrowing6a@dmoz.org,46,155.175.199.154
228,Agathe,Wrettum,awrettum6b@amazon.co.jp,20,170.35.92.176
229,Elonore,Eustice,eeustice6c@odnoklassniki.ru,95,99.225.183.77
230,Lauree,Delete,ldelete6d@upenn.edu,4,92.245.64.238
231,Kristin,Barber,kbarber6e@sohu.com,68,76.50.187.116
232,Dasha,Kelberer,dkelberer6f@tumblr.com,68,218.177.245.69
233,Oralee,Posnette,oposnette6g@taobao.com,2,192.205.237.211
234,Rosamond,Naismith,rnaismith6h@mayoclinic.com,32,121.142.6.26
235,Matthiew,Ambrose,mambrose6i@163.com,27,132.48.142.60
236,Northrop,Farloe,nfarloe6j@feedburner.com,100,234.92.166.180
237,Willem,Magor,wmagor6k@odnoklassniki.ru,61,36.175.213.175
238,Fernanda,Pontain,fpontain6l@oakley.com,50,204.203.29.235
239,Christen,Bragger,cbragger6m@infoseek.co.jp,43,51.146.48.43
240,Cindee,Bradman,cbradman6n@ebay.co.uk,96,179.186.90.5
241,Teirtza,Fiddler,tfiddler6o@live.com,38,211.101.106.143
242,Elvis,Trevain,etrevain6p@ca.gov,43,49.55.140.98
243,Sumner,Mennell,smennell6q@hexun.com,71,186.36.96.30
244,Cory,Leith,cleith6r@dailymotion.com,55,175.124.190.194
245,Malachi,Fenlon,mfenlon6s@tinyurl.com,38,241.123.213.26
246,Boonie,Nealon,bnealon6t@stumbleupon.com,98,254.14.205.124
247,Leelah,Wyllcock,lwyllcock6u@soup.io,52,1.73.112.184
248,Dana,Swaite,dswaite6v@goodreads.com,48,205.195.92.234
249,Kori,De Normanville,kdenormanville6w@e-recht24.de,90,156.168.158.28
250,Debee,Smitherman,dsmitherman6x@dion.ne.jp,51,22.128.73.36
251,Anita,Montel,amontel6y@patch.com,84,8.97.6.2
252,Richmond,Skittreal,rskittreal6z@cocolog-nifty.com,19,213.164.133.197
253,Ogdan,Dorricott,odorricott70@europa.eu,19,74.42.98.236
254,Harriot,Wolford,hwolford71@usa.gov,70,45.254.89.83
255,Dale,Tyson,dtyson72@free.fr,55,49.244.193.140
256,Christy,Shouler,cshouler73@npr.org,51,185.61.132.128
257,Zechariah,Eddies,zeddies74@123-reg.co.uk,73,237.15.121.137
258,Rafferty,McWhorter,rmcwhorter75@wp.com,85,39.8.13.36
259,Zaria,Khomin,zkhomin76@google.de,36,230.34.10.126
260,Sherman,Slate,sslate77@examiner.com,96,93.44.147.189
261,Arline,Tincey,atincey78@cnet.com,85,12.45.163.2
262,Hendrick,Oakly,hoakly79@sciencedirect.com,95,19.125.85.3
263,Zora,Fugere,zfugere7a@mysql.com,82,209.55.145.203
264,Kathie,Fanshawe,kfanshawe7b@kickstarter.com,99,61.46.207.151
265,Zachary,Olsson,zolsson7c@eepurl.com,100,231.168.126.252
266,Neille,Brookfield,nbrookfield7d@uiuc.edu,19,33.11.231.250
267,Raffarty,Caldecott,rcaldecott7e@exblog.jp,86,41.7.13.234
268,Wilma,Shufflebotham,wshufflebotham7f@paypal.com,10,59.124.4.216
269,Ally,Grunwall,agrunwall7g@goo.gl,79,41.37.69.105
270,Wakefield,Flag,wflag7h@smh.com.au,46,127.233.165.200
271,Jess,O'Sharkey,josharkey7i@thetimes.co.uk,2,230.52.189.77
272,Orbadiah,Melloi,omelloi7j@disqus.com,39,33.152.128.113
273,Olivette,Gribben,ogribben7k@bbb.org,97,50.123.242.124
274,Flint,Forrestill,fforrestill7l@comsenz.com,95,71.52.162.196
275,Carrie,Shah,cshah7m@upenn.edu,29,110.180.66.232
276,Anna-diana,Kenforth,akenforth7n@sohu.com,89,48.87.145.135
277,Wayne,Fairclough,wfairclough7o@ocn.ne.jp,35,138.172.242.30
278,Zitella,Couttes,zcouttes7p@google.de,72,105.181.98.104
279,Gerrard,Durand,gdurand7q@ask.com,5,185.87.158.157
280,Florie,Whitnell,fwhitnell7r@sohu.com,18,53.63.241.211
281,Aube,Gasnoll,agasnoll7s@paypal.com,19,237.85.245.122
282,Carlin,Dufer,cdufer7t@dailymotion.com,91,37.137.67.189
283,Alena,Grimster,agrimster7u@godaddy.com,49,30.48.143.196
284,Rafaela,Gilbane,rgilbane7v@multiply.com,66,43.21.110.136
285,Ofelia,Maxwaile,omaxwaile7w@paginegialle.it,23,125.135.63.171
286,Devinne,Damrell,ddamrell7x@msn.com,92,7.17.115.33
287,Bessy,Suddaby,bsuddaby7y@nytimes.com,54,208.16.176.121
288,Evania,Marcone,emarcone7z@admin.ch,55,54.110.201.71
289,Davina,Brabbs,dbrabbs80@myspace.com,67,179.233.45.90
290,Luella,O'Gready,logready81@mayoclinic.com,67,50.42.63.90
291,Denver,Deinert,ddeinert82@fema.gov,96,132.127.7.126
292,Sheffield,Cornthwaite,scornthwaite83@google.co.uk,63,160.105.180.103
293,Staford,Skeemer,sskeemer84@blogs.com,87,148.79.43.174
294,Evvie,Mougin,emougin85@samsung.com,8,78.137.22.209
295,Dukey,Jepp,djepp86@techcrunch.com,24,161.43.12.13
296,Lesly,Gosz,lgosz87@go.com,36,138.237.106.193
297,Garik,Elsmor,gelsmor88@google.de,52,204.20.61.70
298,Murray,Dommersen,mdommersen89@geocities.jp,19,213.107.219.188
299,Towney,Dobell,tdobell8a@ed.gov,91,4.65.60.203
300,Giorgia,Benasik,gbenasik8b@vkontakte.ru,26,186.72.19.180
301,Bertram,Obey,bobey8c@ask.com,18,223.211.121.168
302,Mabel,Ebden,mebden8d@hp.com,12,246.89.10.30
303,Julio,Crennell,jcrennell8e@wiley.com,50,98.102.158.36
304,Taddeo,Lambarth,tlambarth8f@archive.org,23,243.31.36.233
305,Ange,Colaco,acolaco8g@springer.com,52,38.30.108.42
306,Ronna,Sumpter,rsumpter8h@wp.com,64,147.222.124.12
307,Maurits,Dommett,mdommett8i@narod.ru,42,176.204.19.37
308,Kaleb,Cluley,kcluley8j@unblog.fr,40,58.69.47.159
309,Norman,Millberg,nmillberg8k@sciencedaily.com,24,133.34.161.149
310,Con,O' Shea,coshea8l@discovery.com,29,190.67.131.144
311,Krystyna,Esherwood,kesherwood8m@cnet.com,58,81.146.15.209
312,Matty,Kilrow,mkilrow8n@weebly.com,33,198.106.244.72
313,Monique,Maxted,mmaxted8o@wordpress.com,78,125.185.249.195
314,Emalee,Patinkin,epatinkin8p@prnewswire.com,23,155.185.152.60
315,Herman,Szimon,hszimon8q@shop-pro.jp,38,98.174.95.201
316,Ben,Terrell,bterrell8r@ihg.com,40,213.126.84.225
317,Nolan,Imbrey,nimbrey8s@sogou.com,62,176.158.141.0
318,Blanch,Aldersey,baldersey8t@typepad.com,79,189.167.191.21
319,Peyton,Canas,pcanas8u@bbc.co.uk,35,10.196.139.180
320,Jesse,Lightwing,jlightwing8v@cpanel.net,79,239.209.165.254
321,Shadow,McGiveen,smcgiveen8w@wikia.com,98,135.248.176.254
322,Willow,Laffling,wlaffling8x@nyu.edu,57,104.84.116.33
323,Larisa,Perryman,lperryman8y@nydailynews.com,69,200.7.186.5
324,Annabal,Crain,acrain8z@liveinternet.ru,20,71.155.33.204
325,Elissa,Clowsley,eclowsley90@hostgator.com,6,160.244.65.235
326,Jessie,Goodrick,jgoodrick91@opera.com,76,42.92.235.132
327,Lora,Olech,lolech92@livejournal.com,32,119.179.10.68
328,Carlos,Brenard,cbrenard93@gnu.org,51,11.94.65.203
329,Northrup,Kaemena,nkaemena94@microsoft.com,66,10.25.190.185
330,Priscilla,Ganny,pganny95@usatoday.com,94,53.28.171.224
331,Kip,McConnulty,kmcconnulty96@nsw.gov.au,10,160.181.65.118
332,Merilyn,Saph,msaph97@hexun.com,2,150.201.79.201
333,Kelci,Stolting,kstolting98@columbia.edu,26,34.194.135.211
334,Tanner,Jiroudek,tjiroudek99@smh.com.au,14,181.210.190.114
335,Leone,Bertomieu,lbertomieu9a@hatena.ne.jp,57,25.49.121.151
336,Crawford,Foucher,cfoucher9b@i2i.jp,37,107.202.212.125
337,Morgana,Gilders,mgilders9c@cdbaby.com,97,161.43.243.169
338,Kayle,Connop,kconnop9d@adobe.com,50,121.117.152.215
339,Hanan,Tetla,htetla9e@omniture.com,54,169.130.28.232
340,Krisha,Merit,kmerit9f@posterous.com,7,159.186.41.198
341,Alvira,Moxom,amoxom9g@usa.gov,99,91.38.242.61
342,Briana,Binding,bbinding9h@wikispaces.com,74,252.154.159.147
343,Kylen,Trayhorn,ktrayhorn9i@cyberchimps.com,4,180.175.46.28
344,Bili,Somerbell,bsomerbell9j@businessweek.com,26,241.31.202.11
345,Reidar,Morfey,rmorfey9k@naver.com,13,100.196.8.182
346,Averil,Langshaw,alangshaw9l@nps.gov,81,35.57.97.229
347,Barris,De Mattia,bdemattia9m@wufoo.com,88,63.91.57.152
348,Kristina,Wardlaw,kwardlaw9n@wisc.edu,85,225.229.230.132
349,Rosemary,Arbuckel,rarbuckel9o@tinypic.com,28,205.201.150.175
350,Rockey,Grayston,rgrayston9p@canalblog.com,24,82.35.125.156
351,Kyla,Chalfant,kchalfant9q@oaic.gov.au,64,227.9.139.50
352,Brinna,Battye,bbattye9r@samsung.com,69,23.8.24.229
353,Nathalia,Antognelli,nantognelli9s@behance.net,75,131.10.221.155
354,Myrwyn,O'Gorman,mogorman9t@sbwire.com,30,192.111.189.178
355,Lorna,Lynes,llynes9u@discuz.net,25,241.117.91.194
356,Hadleigh,Bywaters,hbywaters9v@businesswire.com,42,248.163.121.103
357,Jacquelynn,Drohan,jdrohan9w@123-reg.co.uk,98,3.36.172.2
358,Valentia,Yurocjhin,vyurocjhin9x@liveinternet.ru,44,250.57.28.31
359,Egon,Gingedale,egingedale9y@omniture.com,77,64.149.96.176
360,Kylila,Werlock,kwerlock9z@toplist.cz,72,209.111.49.208
361,Jo,Ivanyushin,jivanyushina0@ebay.co.uk,3,106.111.112.145
362,Gladi,Clausson,gclaussona1@istockphoto.com,45,229.9.145.152
363,Verena,Wagen,vwagena2@google.co.jp,91,71.231.251.128
364,Katherina,Joysey,kjoyseya3@networksolutions.com,38,84.87.127.127
365,Konstanze,Jammes,kjammesa4@example.com,42,67.11.108.205
366,Octavius,Mallabone,omallabonea5@hp.com,54,236.74.161.196
367,Murray,Josephsen,mjosephsena6@columbia.edu,100,71.89.17.133
368,Alvin,Cumesky,acumeskya7@webmd.com,43,153.29.223.249
369,Hillard,Gofforth,hgoffortha8@cargocollective.com,89,39.34.47.102
370,Jami,Dellatorre,jdellatorrea9@g.co,86,245.146.71.224
371,Allyn,McNeice,amcneiceaa@nature.com,83,19.117.120.95
372,Franciskus,Bushell,fbushellab@arizona.edu,52,119.103.198.22
373,Raquela,Devas,rdevasac@example.com,26,31.23.14.163
374,Cortney,Tant,ctantad@51.la,14,200.54.194.115
375,Levon,Billitteri,lbillitteriae@domainmarket.com,70,125.173.224.207
376,Caspar,Spavon,cspavonaf@macromedia.com,63,171.254.42.64
377,Berrie,Clardge,bclardgeag@artisteer.com,83,119.43.79.99
378,Judith,Brockton,jbrocktonah@prnewswire.com,24,49.87.114.150
379,Gustavus,Baversor,gbaversorai@moonfruit.com,58,150.63.194.28
380,Deerdre,Joscelyn,djoscelynaj@fotki.com,17,55.3.232.88
381,Rubi,Bryce,rbryceak@taobao.com,55,224.36.212.36
382,Evangeline,Childerley,echilderleyal@trellian.com,34,50.3.206.201
383,Lilli,Gavahan,lgavahanam@skyrock.com,86,232.56.226.112
384,Nollie,Skeels,nskeelsan@house.gov,80,13.79.243.61
385,Ivonne,Mereweather,imereweatherao@squidoo.com,21,55.154.194.234
386,Ibrahim,Dinnington,idinningtonap@japanpost.jp,51,9.123.195.98
387,Ossie,Leemans,oleemansaq@feedburner.com,29,175.52.112.69
388,Demetre,Chasles,dchaslesar@livejournal.com,19,171.187.90.3
389,Alvan,Shillabear,ashillabearas@1688.com,25,171.170.145.55
390,Bond,Iorizzo,biorizzoat@ft.com,82,196.245.139.120
391,Brinn,Laminman,blaminmanau@merriam-webster.com,73,56.103.109.135
392,Marcie,Dye,mdyeav@multiply.com,86,114.228.107.146
393,Vinson,Gladtbach,vgladtbachaw@w3.org,44,157.174.54.94
394,Phil,Casbolt,pcasboltax@shinystat.com,55,54.82.62.191
395,Paton,Baxill,pbaxillay@blogspot.com,81,227.75.154.244
396,Katharyn,Sandom,ksandomaz@360.cn,40,158.90.127.153
397,Tyrone,Merington,tmeringtonb0@house.gov,70,89.119.235.113
398,Gage,Suttie,gsuttieb1@soundcloud.com,28,75.209.106.245
399,Esdras,Archibould,earchibouldb2@clickbank.net,79,188.200.46.76
400,Gasper,Henken,ghenkenb3@yale.edu,65,239.132.72.32
401,Cris,Heersma,cheersmab4@homestead.com,37,115.178.202.253
402,Say,Barfoot,sbarfootb5@list-manage.com,53,8.198.52.88
403,Roosevelt,Dagger,rdaggerb6@ycombinator.com,85,122.102.237.172
404,Arielle,Colaco,acolacob7@desdev.cn,100,160.248.43.90
405,Zora,Sapp,zsappb8@nsw.gov.au,63,135.202.75.143
406,Brooke,Fantone,bfantoneb9@1und1.de,9,23.75.15.26
407,Andreas,Lewton,alewtonba@wufoo.com,78,98.29.136.27
408,Trudie,Morrieson,tmorriesonbb@friendfeed.com,60,248.147.1.187
409,Tabbie,Petrecz,tpetreczbc@marriott.com,76,84.73.214.62
410,Frieda,Baradel,fbaradelbd@usnews.com,54,6.26.27.239
411,Gerri,Grellier,ggrellierbe@sciencedaily.com,91,18.222.241.57
412,Chrotoem,Lumpkin,clumpkinbf@oakley.com,29,226.72.29.221
413,Matthaeus,Aliberti,malibertibg@studiopress.com,39,103.61.186.248
414,Dido,Ost,dostbh@g.co,52,21.110.247.27
415,Hilly,Headford,hheadfordbi@altervista.org,95,219.245.36.22
416,Vince,Ateridge,vateridgebj@quantcast.com,77,75.180.4.20
417,Elenore,Stringer,estringerbk@mail.ru,89,138.16.205.74
418,Elnore,Vearncombe,evearncombebl@apache.org,43,15.115.202.35
419,Jeanette,Gidden,jgiddenbm@businessweek.com,65,141.149.85.147
420,Lawrence,Persey,lperseybn@odnoklassniki.ru,17,189.228.180.234
421,Hagen,Ivashkov,hivashkovbo@sourceforge.net,67,49.85.47.149
422,Everard,Humbey,ehumbeybp@aboutads.info,3,137.109.182.68
423,Trudy,Macieiczyk,tmacieiczykbq@yellowpages.com,89,74.49.195.158
424,Horten,Tandy,htandybr@earthlink.net,74,236.148.138.165
425,Caitrin,Schinetti,cschinettibs@about.me,22,230.220.223.130
426,Dotty,Knappett,dknappettbt@reverbnation.com,40,116.30.54.192
427,Lewie,Gerrey,lgerreybu@goo.ne.jp,84,118.88.5.70
428,Corrine,Lovewell,clovewellbv@answers.com,71,31.155.131.166
429,Carleen,Plewman,cplewmanbw@latimes.com,15,61.32.204.212
430,Brandi,Alenin,baleninbx@earthlink.net,4,211.130.218.234
431,Aili,Izkovici,aizkoviciby@loc.gov,68,29.46.203.195
432,Evyn,Tatteshall,etatteshallbz@indiatimes.com,90,154.33.215.20
433,Ruthanne,O'Brogan,robroganc0@sourceforge.net,25,200.178.211.157
434,Michael,Radeliffe,mradeliffec1@blinklist.com,20,222.94.174.4
435,Bertie,Castlake,bcastlakec2@marriott.com,30,36.4.207.59
436,Caroline,Sugar,csugarc3@craigslist.org,22,177.212.45.100
437,Gustave,Roose,groosec4@time.com,83,33.150.67.176
438,Sandro,Brade,sbradec5@youku.com,22,221.223.174.91
439,Nicky,Bartzen,nbartzenc6@marketwatch.com,15,150.170.250.32
440,Clarey,Berdale,cberdalec7@sina.com.cn,36,53.233.146.225
441,Lonny,Balle,lballec8@mtv.com,29,135.82.46.251
442,Benson,Atwool,batwoolc9@photobucket.com,83,224.94.78.44
443,Aretha,Ewbanks,aewbanksca@bandcamp.com,59,176.94.116.237
444,Erick,Darree,edarreecb@shop-pro.jp,75,11.182.104.83
445,Carmelina,Salzberger,csalzbergercc@uol.com.br,68,209.136.82.21
446,Cherlyn,Hammerton,chammertoncd@instagram.com,84,254.203.51.234
447,Flss,Coushe,fcoushece@com.com,88,253.41.68.121
448,Huberto,Hunnaball,hhunnaballcf@zimbio.com,8,246.82.251.180
449,Noami,Hogsden,nhogsdencg@moonfruit.com,80,163.119.39.178
450,Donavon,Yokley,dyokleych@umn.edu,76,139.173.184.27
451,Phylys,Buxey,pbuxeyci@bloomberg.com,24,81.42.126.222
452,Carlyn,Ryle,crylecj@archive.org,24,43.151.187.195
453,Celestyn,Tong,ctongck@last.fm,86,105.127.250.222
454,Jarvis,Attoe,jattoecl@gmpg.org,72,99.75.116.192
455,Almira,Dearl,adearlcm@icio.us,33,37.149.223.132
456,Magdalene,Kaemena,mkaemenacn@ask.com,22,219.18.134.232
457,Lemmie,Ivimey,livimeyco@bloglines.com,65,9.10.189.254
458,Marley,Syncke,msynckecp@cyberchimps.com,60,181.226.167.54
459,Ibrahim,Gorch,igorchcq@github.io,22,192.163.130.18
460,Ellswerth,Issakov,eissakovcr@privacy.gov.au,71,136.56.208.73
461,Devon,Dand,ddandcs@dailymail.co.uk,3,249.91.163.165
462,Caesar,Mowsdell,cmowsdellct@timesonline.co.uk,5,122.218.241.251
463,Gregorio,Younghusband,gyounghusbandcu@nba.com,35,174.228.78.125
464,Ram,Filby,rfilbycv@illinois.edu,41,31.70.175.28
465,Marja,Servant,mservantcw@nasa.gov,98,86.77.230.96
466,Binny,Clericoates,bclericoatescx@xrea.com,82,14.248.150.1
467,Kevin,Cherm,kchermcy@china.com.cn,58,37.73.155.152
468,Pauli,Osmond,posmondcz@g.co,72,244.30.58.66
469,Maxy,Cufley,mcufleyd0@yale.edu,3,104.7.44.249
470,Stefania,Windross,swindrossd1@ow.ly,40,248.41.15.1
471,Karleen,Eringey,keringeyd2@ibm.com,12,76.229.137.52
472,Myrle,Linger,mlingerd3@shutterfly.com,12,223.162.11.40
473,Annalee,Tomasoni,atomasonid4@washington.edu,9,126.8.207.130
474,Katya,Veregan,kveregand5@elegantthemes.com,99,249.42.103.114
475,Lothaire,Niemetz,lniemetzd6@furl.net,72,66.55.248.70
476,Sisile,Seccombe,sseccombed7@usa.gov,91,23.28.29.246
477,Robinetta,L'Hommee,rlhommeed8@1und1.de,69,14.248.178.186
478,Dee,Dufton,dduftond9@usa.gov,83,81.5.46.240
479,Antony,Bosward,aboswardda@seesaa.net,38,54.226.63.103
480,Jewelle,Delacourt,jdelacourtdb@telegraph.co.uk,90,244.78.92.74
481,Shanie,Druce,sdrucedc@pagesperso-orange.fr,95,180.69.233.86
482,Rafferty,Benzi,rbenzidd@icio.us,95,120.138.225.131
483,Naoma,Clemintoni,nclemintonide@usgs.gov,16,54.15.104.51
484,Carter,Woller,cwollerdf@cbsnews.com,54,206.143.150.123
485,Burton,Kimmince,bkimmincedg@angelfire.com,81,172.119.160.13
486,Goran,Cade,gcadedh@dedecms.com,20,135.60.90.1
487,Moss,Egdale,megdaledi@eventbrite.com,73,117.26.203.167
488,Humphrey,Vaines,hvainesdj@umn.edu,32,27.17.4.82
489,Gray,Gerbi,ggerbidk@google.pl,50,113.154.54.211
490,Janella,Littlemore,jlittlemoredl@scribd.com,1,205.90.198.89
491,Abagail,Bynert,abynertdm@themeforest.net,48,166.175.125.105
492,Chrissy,Caller,ccallerdn@omniture.com,19,239.216.169.202
493,Brennen,Cheyne,bcheynedo@theglobeandmail.com,47,20.125.242.52
494,Claudetta,Tompkins,ctompkinsdp@acquirethisname.com,95,251.140.123.157
495,Robena,Morrowe,rmorrowedq@phpbb.com,72,32.199.132.201
496,Janey,Hakking,jhakkingdr@psu.edu,72,34.94.218.94
497,Leslie,De Domenici,ldedomenicids@cafepress.com,41,42.196.107.154
498,Cazzie,Kleinhaus,ckleinhausdt@t-online.de,93,94.100.199.20
499,Giles,Dummett,gdummettdu@prlog.org,48,75.139.64.96
500,Deck,Style,dstyledv@wp.com,98,32.190.190.110
501,Kimberli,Fitzmaurice,kfitzmauricedw@cargocollective.com,65,119.191.154.187
502,Ramonda,Sparkes,rsparkesdx@bizjournals.com,83,84.70.214.61
503,Elena,Heiton,eheitondy@linkedin.com,95,168.142.2.190
504,Galvan,Stilgoe,gstilgoedz@census.gov,51,15.62.44.90
505,Corilla,Meneer,cmeneere0@dropbox.com,98,209.45.65.17
506,Lionel,Bigland,lbiglande1@chronoengine.com,100,226.228.72.149
507,Elberta,Chesshyre,echesshyree2@joomla.org,82,219.187.54.225
508,Bobinette,Konerding,bkonerdinge3@example.com,91,157.138.95.29
509,Teirtza,Carette,tcarettee4@google.ru,68,45.91.60.237
510,Corbie,Brealey,cbrealeye5@nydailynews.com,38,195.244.236.226
511,Penn,Wragge,pwraggee6@scribd.com,14,174.55.156.77
512,Hersch,Gilbride,hgilbridee7@bbb.org,69,20.187.220.215
513,Jude,Bleyman,jbleymane8@edublogs.org,11,45.168.12.94
514,Aldous,Chadbourne,achadbournee9@dmoz.org,95,98.161.46.255
515,Garald,Reckhouse,greckhouseea@phpbb.com,54,243.3.30.200
516,Karlik,Guilloud,kguilloudeb@comcast.net,84,52.106.120.65
517,Iver,Attridge,iattridgeec@newsvine.com,49,69.120.83.190
518,Tommie,Weiser,tweisered@is.gd,39,191.76.68.94
519,Abbey,Krochmann,akrochmannee@cbc.ca,39,219.151.147.61
520,Ferdinanda,Grenshiels,fgrenshielsef@homestead.com,86,6.183.227.221
521,Querida,Jakel,qjakeleg@bizjournals.com,62,214.250.122.229
522,Cassy,Yakob,cyakobeh@google.pl,21,59.6.23.85
523,Clementius,Dearness,cdearnessei@cafepress.com,72,230.32.225.229
524,Pat,Skamal,pskamalej@friendfeed.com,70,83.24.202.234
525,Norean,Blenkensop,nblenkensopek@cdc.gov,82,210.159.13.144
526,Hoebart,deKnevet,hdeknevetel@intel.com,86,224.166.34.113
527,Tabbatha,Btham,tbthamem@cargocollective.com,94,124.252.225.174
528,Konrad,Gatcliff,kgatcliffen@pen.io,10,11.80.206.47
529,Reggie,Corby,rcorbyeo@examiner.com,15,101.230.241.199
530,Boony,Hawket,bhawketep@accuweather.com,96,199.199.193.230
531,Eadie,Cohen,ecoheneq@pen.io,19,90.61.155.252
532,Elisabet,McTerlagh,emcterlagher@skyrock.com,54,69.1.45.86
533,Babbette,Timmens,btimmenses@google.co.uk,58,218.200.150.128
534,Lamond,Odlin,lodlinet@oakley.com,19,64.56.161.85
535,Flor,Billingsly,fbillingslyeu@wikispaces.com,78,137.11.166.95
536,Patin,Geraldez,pgeraldezev@barnesandnoble.com,11,123.130.110.28
537,Barbey,Flay,bflayew@marketwatch.com,100,191.224.122.132
538,Horst,Guwer,hguwerex@vimeo.com,78,108.131.203.109
539,Opal,Drust,odrustey@jiathis.com,35,167.30.58.104
540,Niall,Hof,nhofez@typepad.com,44,226.204.156.36
541,Job,Ivimey,jivimeyf0@cdbaby.com,18,212.170.70.86
542,Allene,Corbyn,acorbynf1@ustream.tv,98,201.82.79.5
543,Emmerich,Barkley,ebarkleyf2@imageshack.us,91,8.29.135.9
544,Claire,Dimitrijevic,cdimitrijevicf3@indiatimes.com,78,115.2.6.93
545,Reeta,Hannan,rhannanf4@sfgate.com,18,23.152.84.213
546,Rowe,Elverstone,relverstonef5@de.vu,12,92.80.82.119
547,Editha,Hatto,ehattof6@salon.com,75,108.33.84.112
548,Josefa,Burborough,jburboroughf7@godaddy.com,65,213.80.54.15
549,Donetta,Barber,dbarberf8@loc.gov,13,229.176.92.29
550,Cayla,Joyner,cjoynerf9@dyndns.org,12,199.64.177.209
551,Abran,Mitton,amittonfa@bandcamp.com,55,192.119.215.164
552,Klement,Dye,kdyefb@webmd.com,49,68.18.200.7
553,Cate,Ferriby,cferribyfc@delicious.com,7,43.10.148.88
554,Guinevere,Vaan,gvaanfd@samsung.com,85,183.104.171.158
555,Dorree,Pobjoy,dpobjoyfe@example.com,100,198.53.214.125
556,Brandon,Pinks,bpinksff@reverbnation.com,54,170.140.40.201
557,Frieda,Kalf,fkalffg@webnode.com,100,87.146.103.42
558,Rozanne,Thirlwell,rthirlwellfh@dagondesign.com,18,27.215.70.209
559,Peria,Seabert,pseabertfi@moonfruit.com,61,17.228.128.71
560,Abbot,Fogarty,afogartyfj@google.com.hk,7,75.19.213.86
561,Darya,Finnan,dfinnanfk@comsenz.com,38,4.246.20.219
562,Astrid,Chicco,achiccofl@netvibes.com,91,106.134.69.223
563,Sadye,Appleton,sappletonfm@prweb.com,36,5.250.252.192
564,Matilda,Choat,mchoatfn@google.cn,97,134.46.60.73
565,Clementia,Chetham,cchethamfo@123-reg.co.uk,100,178.126.175.91
566,Clarke,Cruickshanks,ccruickshanksfp@rakuten.co.jp,10,38.134.180.225
567,Cesya,Menure,cmenurefq@bbb.org,65,43.0.244.155
568,Mandy,Raynham,mraynhamfr@loc.gov,30,135.212.108.121
569,Celka,Lowrie,clowriefs@cdc.gov,70,89.114.191.68
570,Aline,Simonelli,asimonellift@ucsd.edu,100,84.185.254.120
571,Iolanthe,Vivash,ivivashfu@dyndns.org,36,189.251.192.66
572,Kayla,Mapes,kmapesfv@gizmodo.com,88,84.0.118.27
573,Noll,Finnan,nfinnanfw@google.com.hk,47,175.135.241.150
574,Averyl,Eaglesham,aeagleshamfx@e-recht24.de,33,252.125.195.239
575,Syman,Pabelik,spabelikfy@mit.edu,33,108.61.167.107
576,Donnamarie,Piner,dpinerfz@ovh.net,55,238.215.188.254
577,Brander,Kobierzycki,bkobierzyckig0@engadget.com,38,113.1.38.238
578,Chen,Brogi,cbrogig1@washington.edu,14,197.38.181.27
579,Alasteir,Hamill,ahamillg2@google.nl,91,61.54.30.65
580,Roby,Senchenko,rsenchenkog3@opensource.org,34,121.185.52.235
581,Derek,Maureen,dmaureeng4@apple.com,69,74.110.222.196
582,Welch,Jameson,wjamesong5@narod.ru,19,39.35.175.206
583,Danie,Dowden,ddowdeng6@bbc.co.uk,31,51.56.185.179
584,Nate,Rogerot,nrogerotg7@youtube.com,87,40.42.126.143
585,Sheridan,Giabuzzi,sgiabuzzig8@ocn.ne.jp,55,230.129.121.227
586,Basilius,Beavon,bbeavong9@zimbio.com,57,207.33.140.49
587,Wade,Martinez,wmartinezga@tuttocitta.it,17,214.239.251.233
588,Savina,Harker,sharkergb@intel.com,30,122.42.127.63
589,Humberto,Penswick,hpenswickgc@zimbio.com,12,32.255.21.65
590,Everett,Stratiff,estratiffgd@zdnet.com,97,56.137.125.159
591,Annecorinne,Shearsby,ashearsbyge@hao123.com,31,45.74.118.17
592,Andromache,Lewson,alewsongf@scientificamerican.com,72,181.138.123.30
593,Jakie,Ullyatt,jullyattgg@who.int,30,111.31.166.242
594,Peder,Treske,ptreskegh@shareasale.com,31,185.2.75.152
595,Toddy,Keems,tkeemsgi@cocolog-nifty.com,47,77.127.172.88
596,Em,Biernacki,ebiernackigj@engadget.com,46,38.80.98.158
597,Kerwin,Parmer,kparmergk@blog.com,61,123.95.26.223
598,Barbara-anne,Gooda,bgoodagl@youtu.be,35,134.141.254.138
599,Carly,Kenion,ckeniongm@seattletimes.com,65,231.82.199.38
600,Cordelia,Albany,calbanygn@dell.com,68,70.248.111.131
601,Adrea,Artinstall,aartinstallgo@exblog.jp,91,37.222.253.229
602,Sara-ann,Ellicott,sellicottgp@senate.gov,8,64.93.137.89
603,Sharlene,MacKee,smackeegq@google.co.jp,71,240.112.143.90
604,Pete,Speck,pspeckgr@scientificamerican.com,93,15.168.199.236
605,Gypsy,Morgen,gmorgengs@dell.com,40,192.224.30.214
606,Elke,Giacoppo,egiacoppogt@newsvine.com,22,168.211.238.144
607,Kissee,Marchant,kmarchantgu@drupal.org,13,96.124.151.245
608,Derick,Filtness,dfiltnessgv@studiopress.com,9,191.25.102.168
609,Sherye,Lethabridge,slethabridgegw@samsung.com,35,59.187.135.121
610,Reeta,Pinner,rpinnergx@ycombinator.com,2,46.100.119.178
611,Rosamond,Tranmer,rtranmergy@sitemeter.com,20,38.2.138.37
612,Irene,Sherrum,isherrumgz@ca.gov,98,86.48.42.44
613,Tedda,Goodanew,tgoodanewh0@sfgate.com,57,63.216.18.197
614,Alexander,Kinnett,akinnetth1@deviantart.com,44,51.208.58.120
615,Jess,Fairey,jfaireyh2@opensource.org,27,89.87.247.158
616,Egon,Keyden,ekeydenh3@state.tx.us,85,71.162.25.148
617,Consuela,Rekes,crekesh4@oakley.com,86,147.142.22.112
618,Taffy,Somerled,tsomerledh5@odnoklassniki.ru,15,49.105.146.199
619,Ervin,Swanne,eswanneh6@mac.com,13,146.190.145.211
620,Leonhard,Trafford,ltraffordh7@mapy.cz,40,26.15.38.161
621,Fergus,Ambroise,fambroiseh8@sciencedirect.com,13,215.118.231.188
622,Tricia,Rawkesby,trawkesbyh9@hatena.ne.jp,72,28.113.5.67
623,Willi,Timbridge,wtimbridgeha@wikispaces.com,27,186.90.99.56
624,Gary,Rubanenko,grubanenkohb@adobe.com,54,196.136.98.176
625,Masha,Farrimond,mfarrimondhc@smh.com.au,5,18.203.251.173
626,Dorie,Offell,doffellhd@engadget.com,41,48.90.16.78
627,Mattie,Slarke,mslarkehe@guardian.co.uk,25,141.26.115.126
628,Nora,Tawton,ntawtonhf@mtv.com,49,147.137.150.187
629,Peter,Butchart,pbutcharthg@wordpress.org,25,49.83.185.21
630,Guido,Parsley,gparsleyhh@biglobe.ne.jp,31,180.49.81.230
631,Jessica,Quartermain,jquartermainhi@ycombinator.com,19,230.38.186.93
632,Tamara,Leidecker,tleideckerhj@scribd.com,26,227.206.196.165
633,Tabbatha,Mortell,tmortellhk@addtoany.com,86,117.103.115.154
634,Mignon,Penwright,mpenwrighthl@privacy.gov.au,83,72.140.128.123
635,Cal,Jarratt,cjarratthm@bloomberg.com,12,107.18.22.41
636,Roseann,Youle,ryoulehn@ucla.edu,10,166.240.202.171
637,Alasdair,Pursey,apurseyho@google.it,50,73.128.90.14
638,Halley,Oswald,hoswaldhp@flickr.com,75,173.24.159.144
639,Rosene,East,reasthq@goo.gl,88,112.221.16.31
640,Sonja,Kasher,skasherhr@berkeley.edu,12,72.234.32.135
641,Isis,Frere,ifrerehs@cdbaby.com,71,188.20.138.46
642,Northrup,Kinset,nkinsetht@springer.com,15,123.255.136.36
643,Tori,Sneden,tsnedenhu@spiegel.de,82,236.244.163.202
644,Aldis,Richardot,arichardothv@free.fr,37,8.138.29.73
645,Theodor,Kelleher,tkelleherhw@wikia.com,90,99.122.155.13
646,Velma,Percy,vpercyhx@utexas.edu,40,68.38.29.168
647,Stacie,Lister,slisterhy@wikispaces.com,100,207.120.175.67
648,Brander,Allbon,ballbonhz@woothemes.com,25,103.83.126.151
649,Logan,Barney,lbarneyi0@accuweather.com,11,103.152.49.254
650,Fred,Morl,fmorli1@stanford.edu,17,133.109.22.240
651,Miguelita,Hedlestone,mhedlestonei2@wisc.edu,52,179.23.22.238
652,Melonie,Syme,msymei3@wikispaces.com,43,44.214.55.156
653,Yvonne,Fadden,yfaddeni4@google.com.br,21,119.253.65.35
654,Peyton,Gamblin,pgamblini5@oracle.com,79,133.121.77.68
655,Gaynor,Jaxon,gjaxoni6@barnesandnoble.com,50,196.48.122.13
656,Silvana,Denge,sdengei7@mtv.com,41,200.140.99.8
657,Daveta,Dommerque,ddommerquei8@linkedin.com,63,204.170.132.141
658,Mack,Burvill,mburvilli9@ca.gov,62,158.113.7.60
659,Chantal,Kulver,ckulveria@goo.ne.jp,51,204.52.10.4
660,Audi,Isaq,aisaqib@sfgate.com,51,6.201.117.182
661,Kirby,Swannick,kswannickic@ed.gov,95,1.254.160.20
662,Emyle,Rudwell,erudwellid@ask.com,38,80.49.160.141
663,Welbie,Dunridge,wdunridgeie@nature.com,19,98.198.41.128
664,Leroi,Chalmers,lchalmersif@usnews.com,26,227.34.103.164
665,Therese,Kitchaside,tkitchasideig@businesswire.com,32,143.188.22.57
666,Tawsha,Way,twayih@tumblr.com,48,70.192.116.12
667,Chariot,Gofforth,cgofforthii@tuttocitta.it,44,201.129.142.60
668,Trina,Monget,tmongetij@wikimedia.org,38,206.68.214.94
669,Nil,Petrovykh,npetrovykhik@smugmug.com,91,100.35.178.102
670,Trixy,Decaze,tdecazeil@nhs.uk,13,141.52.176.94
671,Dacie,Red,dredim@php.net,52,93.96.193.33
672,Jacynth,Tinham,jtinhamin@cbc.ca,74,176.122.143.237
673,Wandis,Strong,wstrongio@who.int,18,100.149.231.163
674,Maynard,Durtnall,mdurtnallip@upenn.edu,68,186.246.228.31
675,Fiorenze,Borwick,fborwickiq@seattletimes.com,98,242.91.189.55
676,Ringo,Obert,robertir@indiegogo.com,57,53.99.208.175
677,Karia,Ridel,kridelis@java.com,13,5.177.212.169
678,Sergei,Diable,sdiableit@usgs.gov,47,205.106.225.149
679,Mason,Bartolomeoni,mbartolomeoniiu@hugedomains.com,27,198.59.112.220
680,Augustin,Avraam,aavraamiv@amazon.co.uk,44,135.238.83.89
681,Pinchas,Willishire,pwillishireiw@yolasite.com,73,75.194.36.97
682,Hannah,Staden,hstadenix@usnews.com,12,101.108.94.214
683,Hildagarde,Ornelas,hornelasiy@bravesites.com,67,106.206.173.85
684,Gus,Brunt,gbruntiz@amazon.de,51,147.219.178.161
685,Sascha,Giorgiutti,sgiorgiuttij0@squidoo.com,68,241.208.218.255
686,Becca,Stive,bstivej1@mail.ru,72,123.76.105.49
687,Philly,Missington,pmissingtonj2@etsy.com,64,224.109.26.106
688,Jeremie,Peoples,jpeoplesj3@psu.edu,100,85.235.146.175
689,Feliza,Mordey,fmordeyj4@spiegel.de,89,84.93.16.158
690,Annabelle,Mickan,amickanj5@soup.io,79,97.64.236.165
691,Breena,Blaasch,bblaaschj6@e-recht24.de,8,214.234.55.243
692,Serge,Jirousek,sjirousekj7@wisc.edu,97,199.160.194.8
693,Kitty,Poznan,kpoznanj8@techcrunch.com,48,243.222.39.190
694,Bobinette,Rough,broughj9@ow.ly,76,67.41.169.23
695,Pavla,Brewers,pbrewersja@wordpress.com,86,99.99.41.75
696,Modestia,Secrett,msecrettjb@icio.us,31,182.154.181.85
697,Devina,Madeley,dmadeleyjc@cargocollective.com,63,165.19.22.34
698,Skylar,Frost,sfrostjd@redcross.org,24,6.13.187.204
699,Jewelle,Forrester,jforresterje@webs.com,3,75.187.133.111
700,Kerrill,Binney,kbinneyjf@smugmug.com,54,54.181.125.201
701,Gratiana,Jimmes,gjimmesjg@biglobe.ne.jp,33,110.5.240.206
702,Pierre,Curnnok,pcurnnokjh@g.co,12,183.143.118.115
703,Vi,Shillington,vshillingtonji@go.com,11,150.45.252.201
704,Rees,Ferrero,rferrerojj@archive.org,100,204.141.36.135
705,Helaine,Astridge,hastridgejk@economist.com,50,100.214.60.36
706,Demetri,McGrann,dmcgrannjl@harvard.edu,8,113.11.117.109
707,Galen,Joicey,gjoiceyjm@businesswire.com,88,161.131.211.20
708,Uri,Cutforth,ucutforthjn@microsoft.com,51,167.19.141.22
709,Ronnica,Winscom,rwinscomjo@wikipedia.org,20,52.191.135.173
710,Suzann,Mc Coughan,smccoughanjp@vkontakte.ru,46,91.217.84.246
711,Sergei,Cowdroy,scowdroyjq@reuters.com,48,18.130.50.97
712,Doll,Swinburne,dswinburnejr@cbslocal.com,90,54.8.95.40
713,Katherina,Extance,kextancejs@behance.net,84,30.30.208.219
714,Lesley,Gidman,lgidmanjt@google.it,13,155.172.215.198
715,Shepherd,Jansey,sjanseyju@disqus.com,35,37.142.194.95
716,Bradan,Fleet,bfleetjv@tripod.com,63,59.168.129.165
717,Foss,Crooke,fcrookejw@ifeng.com,100,252.88.105.159
718,Conant,Robertot,crobertotjx@webmd.com,49,180.233.47.145
719,Enriqueta,Marples,emarplesjy@arstechnica.com,71,113.120.15.51
720,Caroline,Michal,cmichaljz@ycombinator.com,41,210.225.12.156
721,Alma,McAtamney,amcatamneyk0@comcast.net,3,110.215.156.77
722,Dukie,Normanville,dnormanvillek1@toplist.cz,32,47.231.41.150
723,Elwin,Edeler,eedelerk2@example.com,2,238.145.251.18
724,Audre,O'Cahey,aocaheyk3@google.co.jp,90,198.86.85.246
725,Issy,Wardall,iwardallk4@indiatimes.com,43,173.124.219.129
726,Bertine,MacKellar,bmackellark5@ustream.tv,49,57.137.63.59
727,Herculie,Gruszczak,hgruszczakk6@tmall.com,10,71.228.2.35
728,Neda,Ivashinnikov,nivashinnikovk7@over-blog.com,40,195.109.203.122
729,Fabian,Uttley,futtleyk8@mit.edu,8,66.37.214.230
730,Charmaine,Riglar,criglark9@photobucket.com,59,165.8.153.84
731,Westleigh,Skipworth,wskipworthka@deviantart.com,27,203.214.142.210
732,Wesley,Oldman,woldmankb@washington.edu,86,220.123.133.114
733,Mata,MacMaykin,mmacmaykinkc@msn.com,90,162.117.191.193
734,Rani,Titford,rtitfordkd@nsw.gov.au,54,201.23.191.73
735,Michal,Fairpool,mfairpoolke@biglobe.ne.jp,9,158.28.212.115
736,Hamilton,Blant,hblantkf@ovh.net,95,57.10.107.12
737,Jan,Lebel,jlebelkg@netlog.com,2,123.17.100.68
738,Peta,Tighe,ptighekh@instagram.com,55,134.238.132.150
739,Jobie,Gozzett,jgozzettki@cargocollective.com,15,161.0.87.234
740,Germain,Dunster,gdunsterkj@blog.com,63,117.203.4.80
741,Cathy,Mattiazzo,cmattiazzokk@businessweek.com,69,134.9.193.14
742,Sashenka,Frantz,sfrantzkl@japanpost.jp,94,157.41.206.204
743,Augusto,Innwood,ainnwoodkm@dedecms.com,60,90.150.206.182
744,Madison,Done,mdonekn@pagesperso-orange.fr,11,181.126.200.131
745,Lisle,Bindley,lbindleyko@google.nl,38,161.147.161.232
746,Chadwick,Sorton,csortonkp@kickstarter.com,58,168.124.240.42
747,Esme,Comellini,ecomellinikq@istockphoto.com,94,40.186.97.151
748,Freddie,Barbary,fbarbarykr@surveymonkey.com,62,169.212.143.217
749,Alisun,Papes,apapesks@parallels.com,52,4.88.152.109
750,Theressa,Corbould,tcorbouldkt@xrea.com,60,31.176.25.106
751,Josepha,Ranson,jransonku@joomla.org,37,84.151.123.202
752,Risa,Cargill,rcargillkv@yale.edu,46,102.20.253.133
753,Emalia,Benard,ebenardkw@dagondesign.com,39,231.187.210.141
754,Myranda,Ingerith,mingerithkx@cmu.edu,94,209.209.229.157
755,Frieda,Littlecote,flittlecoteky@pen.io,26,29.246.46.95
756,Abbey,Birdseye,abirdseyekz@unicef.org,16,145.32.168.173
757,Isabelle,Cubbini,icubbinil0@theglobeandmail.com,41,122.11.216.100
758,Rafe,Habbes,rhabbesl1@chicagotribune.com,27,220.44.102.131
759,Andriana,Tewkesbury,atewkesburyl2@typepad.com,68,177.157.74.83
760,Marleen,Devall,mdevalll3@chicagotribune.com,12,12.127.116.221
761,Margie,Fenne,mfennel4@cpanel.net,71,200.126.111.56
762,Loydie,Lees,lleesl5@techcrunch.com,73,219.238.83.130
763,Leandra,Davall,ldavalll6@paypal.com,51,122.44.136.171
764,Micki,Baly,mbalyl7@techcrunch.com,72,248.187.200.58
765,Libbie,Wagerfield,lwagerfieldl8@shinystat.com,47,73.21.237.220
766,Cacilia,Buist,cbuistl9@1688.com,47,15.19.209.224
767,Bunnie,Cissell,bcissellla@ameblo.jp,58,176.136.110.150
768,Kelcey,Lealle,kleallelb@biblegateway.com,93,111.58.112.162
769,Emerson,Stark,estarklc@yahoo.co.jp,68,181.69.46.41
770,Donny,Mulvin,dmulvinld@ted.com,94,104.28.89.125
771,Buiron,Blaza,bblazale@adobe.com,87,154.10.52.95
772,Carolee,Lichfield,clichfieldlf@earthlink.net,12,69.180.8.195
773,Blanca,Tie,btielg@theatlantic.com,1,53.252.24.129
774,Mair,Stowgill,mstowgilllh@rakuten.co.jp,32,188.221.77.4
775,Caressa,Cookman,ccookmanli@google.com.br,95,80.147.211.159
776,Trista,Freda,tfredalj@unesco.org,75,191.47.186.220
777,Betsey,Cancelier,bcancelierlk@github.com,4,189.230.98.95
778,Nanete,Wattisham,nwattishamll@comsenz.com,44,73.213.194.60
779,Donetta,Sinden,dsindenlm@psu.edu,50,7.38.39.246
780,Rikki,Hamson,rhamsonln@irs.gov,35,64.103.13.179
781,Diahann,MacTurlough,dmacturloughlo@canalblog.com,26,27.16.42.131
782,Edy,Ickovicz,eickoviczlp@godaddy.com,20,126.118.196.216
783,Burk,Boutwell,bboutwelllq@bizjournals.com,65,203.181.79.245
784,Dell,Sayre,dsayrelr@columbia.edu,98,198.247.149.78
785,Remus,Ryle,rrylels@indiatimes.com,56,105.158.126.144
786,Levon,Sieur,lsieurlt@google.ca,61,83.34.70.86
787,Sella,Jellings,sjellingslu@un.org,9,182.254.40.218
788,Renee,Cain,rcainlv@nhs.uk,28,107.127.129.91
789,Darb,Chesman,dchesmanlw@homestead.com,40,200.127.94.130
790,Ripley,Stiffkins,rstiffkinslx@people.com.cn,74,95.45.139.158
791,Lezley,Vasnev,lvasnevly@blogs.com,61,245.202.219.71
792,Laurence,Inwood,linwoodlz@vistaprint.com,87,146.9.237.134
793,Hilly,Mcwhinnie,hmcwhinniem0@wikimedia.org,48,250.244.122.62
794,Dionisio,Marlowe,dmarlowem1@dedecms.com,4,222.86.123.221
795,Caroljean,Dymock,cdymockm2@yale.edu,100,83.178.74.114
796,Christal,Kershaw,ckershawm3@last.fm,5,237.36.41.172
797,Katee,Clynter,kclynterm4@geocities.jp,98,255.118.75.171
798,Cooper,Rallings,crallingsm5@1688.com,80,147.195.142.2
799,Tiler,Harlick,tharlickm6@sina.com.cn,54,233.123.198.119
800,Audre,Fincham,afinchamm7@cdbaby.com,15,119.251.11.229
801,Madeleine,Warden,mwardenm8@youku.com,48,90.194.65.14
802,Billye,Pennone,bpennonem9@ifeng.com,8,119.4.112.4
803,Wendell,Uff,wuffma@globo.com,95,212.29.253.128
804,Emiline,Cornewall,ecornewallmb@apache.org,9,186.138.199.11
805,Diannne,Rizzotto,drizzottomc@washingtonpost.com,32,118.60.130.38
806,Raddie,Antonioni,rantonionimd@infoseek.co.jp,91,125.127.40.108
807,Sergio,Fazakerley,sfazakerleyme@tumblr.com,4,20.62.153.136
808,Henryetta,Manktelow,hmanktelowmf@zdnet.com,52,107.199.96.235
809,Audie,Haslen,ahaslenmg@yahoo.com,94,233.99.52.15
810,Lian,Meekings,lmeekingsmh@issuu.com,84,128.93.14.250
811,Willdon,Cuddy,wcuddymi@smugmug.com,14,156.139.249.206
812,Demetris,Sprull,dsprullmj@guardian.co.uk,10,205.15.165.214
813,Roseann,Peacham,rpeachammk@ucla.edu,74,230.181.185.89
814,Carlyn,Yeoland,cyeolandml@cam.ac.uk,91,196.51.97.209
815,Salomi,McGinn,smcginnmm@people.com.cn,72,248.62.204.64
816,Renelle,Daft,rdaftmn@nhs.uk,45,234.76.88.144
817,Ollie,Tinwell,otinwellmo@techcrunch.com,11,93.66.150.32
818,Kylie,Bank,kbankmp@google.co.jp,43,158.181.166.78
819,Nial,Plitz,nplitzmq@hexun.com,36,155.197.158.64
820,Nicky,Silverson,nsilversonmr@home.pl,22,213.144.23.183
821,Garv,Hammell,ghammellms@behance.net,87,110.43.46.231
822,Nara,Allicock,nallicockmt@pen.io,24,123.199.169.196
823,Orran,Demange,odemangemu@addtoany.com,89,44.178.73.248
824,Kellina,Adel,kadelmv@scientificamerican.com,92,238.169.27.219
825,Maris,Shakespear,mshakespearmw@nhs.uk,67,216.19.207.101
826,Marji,Cubbit,mcubbitmx@umn.edu,2,160.198.201.157
827,Andrej,Tunnock,atunnockmy@imdb.com,31,204.26.205.72
828,Nancy,Lovitt,nlovittmz@networkadvertising.org,47,207.180.106.195
829,Buddie,Baldock,bbaldockn0@ca.gov,73,151.203.146.138
830,Bari,Bushel,bbusheln1@globo.com,72,8.115.121.195
831,Tisha,Roebuck,troebuckn2@comcast.net,83,159.6.187.223
832,Aimee,Howat,ahowatn3@toplist.cz,72,27.145.226.242
833,Anica,Gravenor,agravenorn4@usda.gov,3,208.222.20.73
834,Englebert,Rochford,erochfordn5@sogou.com,61,190.104.94.129
835,Chickie,Bartunek,cbartunekn6@mediafire.com,79,218.196.170.10
836,Clemmie,Nawton,cnawtonn7@weather.com,3,63.116.234.227
837,Jerry,Cardall,jcardalln8@parallels.com,36,30.172.44.93
838,Raquel,Huett,rhuettn9@nydailynews.com,28,142.112.62.242
839,Sebastien,Scarratt,sscarrattna@barnesandnoble.com,64,189.94.19.165
840,Cheryl,Olivelli,colivellinb@de.vu,64,85.179.32.60
841,Veriee,Gergolet,vgergoletnc@scientificamerican.com,98,34.203.215.196
842,Blaine,MacSkeagan,bmacskeagannd@tiny.cc,3,182.2.12.204
843,Tally,Hindhaugh,thindhaughne@miibeian.gov.cn,28,73.116.199.115
844,Hyacinthe,Brammall,hbrammallnf@mozilla.org,48,225.12.171.187
845,Sheri,Loyley,sloyleyng@pbs.org,13,107.223.216.230
846,Halette,Jeanneau,hjeanneaunh@deviantart.com,74,159.22.112.25
847,Selie,Brea,sbreani@spotify.com,26,249.8.244.242
848,Rebeca,Fawbert,rfawbertnj@phoca.cz,73,186.2.133.108
849,Paul,Josephy,pjosephynk@tumblr.com,56,245.72.187.225
850,Vivianne,Wordesworth,vwordesworthnl@sourceforge.net,20,228.235.107.162
851,West,Cutchee,wcutcheenm@vkontakte.ru,13,10.12.201.129
852,Riannon,Douris,rdourisnn@blogspot.com,91,223.130.204.213
853,Matelda,Blackham,mblackhamno@telegraph.co.uk,21,217.60.45.40
854,Kora,Airlie,kairlienp@freewebs.com,99,111.218.3.248
855,Ellis,Neeson,eneesonnq@digg.com,88,253.45.229.15
856,Coletta,Dilnot,cdilnotnr@mail.ru,57,200.153.26.219
857,Marjorie,McCrillis,mmccrillisns@ca.gov,100,190.20.108.224
858,Noemi,Rotte,nrottent@technorati.com,70,151.108.243.252
859,Milka,Charrisson,mcharrissonnu@japanpost.jp,85,105.134.65.211
860,Luther,Spowage,lspowagenv@independent.co.uk,6,181.227.131.228
861,Gonzalo,Daville,gdavillenw@cam.ac.uk,23,191.25.191.77
862,Ede,McMearty,emcmeartynx@com.com,55,92.140.174.31
863,Stillman,Cornu,scornuny@pcworld.com,56,23.36.123.204
864,Davis,Soff,dsoffnz@sohu.com,100,167.180.176.42
865,Aarika,Pursglove,apursgloveo0@bigcartel.com,51,176.103.17.246
866,Berti,Cowtherd,bcowtherdo1@wunderground.com,35,62.179.24.120
867,Stace,McCluskey,smccluskeyo2@lulu.com,84,209.71.228.160
868,Edith,Duligal,eduligalo3@studiopress.com,76,192.67.1.150
869,Andromache,Davidove,adavidoveo4@hc360.com,10,108.207.110.79
870,Salli,Westmacott,swestmacotto5@opera.com,24,235.80.31.103
871,Ashleigh,Crick,acricko6@theglobeandmail.com,73,11.149.93.191
872,Jasun,Pryke,jprykeo7@myspace.com,46,62.13.125.175
873,Constantine,Winckworth,cwinckwortho8@shareasale.com,95,54.32.172.69
874,Anallise,Farny,afarnyo9@pinterest.com,40,118.212.105.85
875,Karoly,Jakes,kjakesoa@wikispaces.com,36,207.164.180.107
876,Stephi,Benezet,sbenezetob@cargocollective.com,98,238.50.79.29
877,Clementina,Sandwick,csandwickoc@columbia.edu,66,45.62.141.93
878,Taddeusz,Oulet,touletod@meetup.com,46,220.156.247.225
879,Irv,Skillington,iskillingtonoe@webnode.com,79,52.186.27.76
880,Letty,Bitchener,lbitchenerof@cisco.com,59,122.234.26.240
881,Eda,Bronger,ebrongerog@msn.com,87,44.192.100.36
882,Fallon,Camble,fcambleoh@google.com.au,53,109.235.232.214
883,Emmett,Jutson,ejutsonoi@house.gov,58,179.228.82.159
884,Mildrid,MacGarrity,mmacgarrityoj@unicef.org,36,188.42.214.18
885,Penny,Doorey,pdooreyok@sphinn.com,27,41.198.81.56
886,Eve,Dionisetti,edionisettiol@oakley.com,95,222.157.165.135
887,Ingaberg,Shale,ishaleom@mozilla.org,81,74.62.89.205
888,Marielle,Markus,mmarkuson@oakley.com,63,44.124.93.167
889,Andy,Keymer,akeymeroo@livejournal.com,52,204.210.72.160
890,Jodie,Duddy,jduddyop@digg.com,80,255.156.179.179
891,Seamus,Iddon,siddonoq@123-reg.co.uk,29,126.198.88.180
892,Sanford,Klezmski,sklezmskior@shutterfly.com,12,208.218.96.166
893,Gage,Rudderham,grudderhamos@sogou.com,16,7.231.193.247
894,Dorree,Ambroise,dambroiseot@va.gov,43,114.60.104.77
895,Freida,Cudiff,fcudiffou@shop-pro.jp,52,145.115.67.94
896,Sibley,Dahmke,sdahmkeov@aboutads.info,83,134.19.214.13
897,Tallie,Cradock,tcradockow@sphinn.com,31,239.109.186.67
898,Tyrone,Dutson,tdutsonox@sina.com.cn,42,146.45.23.77
899,Alane,Jauncey,ajaunceyoy@howstuffworks.com,94,9.32.212.199
900,Krisha,Cruxton,kcruxtonoz@360.cn,91,140.62.79.233
901,Andra,Bricknell,abricknellp0@com.com,39,67.42.244.69
902,Marni,Eades,meadesp1@squidoo.com,17,31.59.39.251
903,Cyrill,Spelman,cspelmanp2@ning.com,89,103.113.212.216
904,Monti,Vardon,mvardonp3@fotki.com,15,57.2.57.76
905,Bertha,MacRanald,bmacranaldp4@smh.com.au,43,154.219.72.145
906,Birdie,Goodbur,bgoodburp5@amazonaws.com,90,247.33.55.78
907,Husein,Jevons,hjevonsp6@psu.edu,81,237.36.69.92
908,Diannne,Twining,dtwiningp7@fotki.com,63,101.119.183.217
909,Goran,Crothers,gcrothersp8@fc2.com,75,147.230.217.12
910,Zachery,Goodwins,zgoodwinsp9@cocolog-nifty.com,86,252.120.27.251
911,Aindrea,Latty,alattypa@behance.net,13,92.139.248.228
912,Malinde,Betun,mbetunpb@yellowpages.com,41,218.79.78.201
913,Broderic,Jerson,bjersonpc@wsj.com,50,173.27.48.14
914,Curcio,Dooler,cdoolerpd@vimeo.com,45,166.66.179.32
915,Marlo,Swetman,mswetmanpe@ftc.gov,74,180.96.173.25
916,Marv,Yitzowitz,myitzowitzpf@unicef.org,6,238.131.146.166
917,Hort,Curman,hcurmanpg@ning.com,75,27.152.99.96
918,Elaine,Fuzzens,efuzzensph@mlb.com,59,209.124.192.163
919,Kali,Ashmore,kashmorepi@cisco.com,86,191.147.138.97
920,Nell,Larking,nlarkingpj@posterous.com,100,95.187.2.217
921,Fletcher,Brimfield,fbrimfieldpk@edublogs.org,15,185.95.167.160
922,Kiel,Pinilla,kpinillapl@de.vu,98,213.7.232.122
923,Kristoforo,Del Checolo,kdelchecolopm@buzzfeed.com,73,170.114.66.241
924,Cullen,Chopping,cchoppingpn@ibm.com,63,30.202.68.123
925,Tommi,Kordovani,tkordovanipo@hugedomains.com,92,190.184.137.125
926,Uta,Awdry,uawdrypp@admin.ch,8,120.242.183.37
927,Rodolfo,Samwaye,rsamwayepq@spiegel.de,12,231.75.73.101
928,Eldin,Coote,ecootepr@histats.com,33,24.24.48.89
929,Page,Wrist,pwristps@slashdot.org,23,237.63.169.121
930,Sheppard,Barock,sbarockpt@google.com,7,240.254.56.40
931,Lancelot,Heartfield,lheartfieldpu@paginegialle.it,66,119.63.149.201
932,Yvonne,Hasney,yhasneypv@un.org,90,25.13.230.54
933,Domini,Grunguer,dgrunguerpw@who.int,81,138.69.32.179
934,Benson,Handrock,bhandrockpx@google.pl,96,179.109.64.224
935,Friederike,Haxell,fhaxellpy@auda.org.au,81,54.161.83.2
936,Yoko,Paylor,ypaylorpz@github.com,45,126.148.103.63
937,Angelika,Itzkovich,aitzkovichq0@ucsd.edu,47,230.182.36.85
938,Amandy,Jackling,ajacklingq1@home.pl,53,210.88.57.142
939,Ella,Pollicote,epollicoteq2@samsung.com,13,91.163.95.199
940,Beatrice,Allpress,ballpressq3@vimeo.com,35,226.58.232.144
941,Bathsheba,Bickerdyke,bbickerdykeq4@psu.edu,68,212.247.82.113
942,Court,Petzold,cpetzoldq5@hao123.com,38,48.162.49.248
943,Gardie,Loades,gloadesq6@yahoo.com,71,248.227.25.62
944,Pail,Barrand,pbarrandq7@issuu.com,57,216.58.88.56
945,Charla,Iannuzzi,ciannuzziq8@slashdot.org,18,205.232.177.156
946,Talyah,Jepps,tjeppsq9@shinystat.com,34,158.50.181.37
947,Iseabal,Radley,iradleyqa@csmonitor.com,97,249.46.250.77
948,Elden,Tarbath,etarbathqb@privacy.gov.au,29,202.115.207.170
949,Anatola,Eckly,aecklyqc@oakley.com,78,175.192.198.51
950,Poppy,Shernock,pshernockqd@hao123.com,94,23.21.154.137
951,Tito,Ludl,tludlqe@latimes.com,93,24.16.229.100
952,Mechelle,Beesey,mbeeseyqf@com.com,7,140.201.218.71
953,Inna,Wiz,iwizqg@wiley.com,47,216.126.209.8
954,Humfrey,Hurdis,hhurdisqh@ifeng.com,69,144.143.150.152
955,Frasier,Tallach,ftallachqi@hubpages.com,8,109.182.255.177
956,Donia,Boulden,dbouldenqj@trellian.com,80,78.118.54.130
957,Fey,Frisdick,ffrisdickqk@census.gov,9,132.56.79.176
958,Reid,Schaben,rschabenql@mysql.com,72,224.228.158.235
959,Corrie,Dunlea,cdunleaqm@mlb.com,70,223.219.101.56
960,Wallie,Dries,wdriesqn@cbc.ca,79,140.16.67.178
961,Ilyse,McGerr,imcgerrqo@ustream.tv,67,223.128.60.118
962,Cristian,Sergison,csergisonqp@independent.co.uk,31,85.102.30.47
963,Dukey,Stonary,dstonaryqq@photobucket.com,92,25.164.94.200
964,Boyd,Hazeldine,bhazeldineqr@google.co.jp,78,6.187.255.138
965,Adlai,Seedhouse,aseedhouseqs@omniture.com,71,210.52.150.0
966,Neely,McCorkindale,nmccorkindaleqt@yellowbook.com,65,115.221.120.65
967,Eben,Driffill,edriffillqu@etsy.com,83,62.13.202.118
968,Horace,Donnett,hdonnettqv@cdc.gov,5,69.65.229.212
969,Afton,Honack,ahonackqw@boston.com,56,23.66.128.95
970,Gerek,Sheavills,gsheavillsqx@ucla.edu,14,48.133.148.221
971,Farley,Meedendorpe,fmeedendorpeqy@mapy.cz,74,206.64.37.254
972,Nance,Glowacz,nglowaczqz@qq.com,54,158.180.143.15
973,Rance,Burdin,rburdinr0@google.pl,32,30.234.59.84
974,Dani,Goforth,dgoforthr1@desdev.cn,97,0.60.211.150
975,Junette,Rockcliffe,jrockcliffer2@bandcamp.com,79,66.168.243.248
976,Analise,Swansborough,aswansboroughr3@arizona.edu,81,103.154.56.83
977,Petronille,Clew,pclewr4@google.fr,15,198.221.222.143
978,Elsie,Summerskill,esummerskillr5@bloglovin.com,70,75.88.172.125
979,Larry,Di Boldi,ldiboldir6@intel.com,12,195.250.38.165
980,Bobbi,Josefer,bjoseferr7@toplist.cz,68,108.195.69.187
981,Francisco,Ixer,fixerr8@photobucket.com,83,243.138.147.214
982,Maiga,Thewles,mthewlesr9@marketwatch.com,78,195.131.55.227
983,Ashleigh,Knipe,aknipera@booking.com,2,21.19.192.2
984,Berna,Guitel,bguitelrb@last.fm,93,54.169.4.169
985,Arlee,Eminson,aeminsonrc@ftc.gov,80,168.63.25.226
986,Danyette,Gebbe,dgebberd@pen.io,51,42.215.240.110
987,Rhodia,Readett,rreadettre@skype.com,44,28.216.171.76
988,Abe,Abrahamsohn,aabrahamsohnrf@topsy.com,78,61.203.249.137
989,Luther,Tarney,ltarneyrg@rediff.com,27,163.144.98.155
990,Karilynn,Giannasi,kgiannasirh@state.gov,21,4.58.87.178
991,Joel,Duquesnay,jduquesnayri@tamu.edu,37,33.89.69.199
992,Hermy,Tommen,htommenrj@google.com.hk,10,36.71.249.22
993,Emery,Hardan,ehardanrk@about.com,29,123.15.204.58
994,Evan,Crankhorn,ecrankhornrl@so-net.ne.jp,62,146.192.5.237
995,Cristy,Blanc,cblancrm@facebook.com,98,5.244.67.137
996,Felice,McLanaghan,fmclanaghanrn@forbes.com,91,245.247.47.210
997,Susan,Kolodziejski,skolodziejskiro@1und1.de,95,130.59.173.145
998,Clyde,Tompion,ctompionrp@purevolume.com,27,124.209.138.211
999,Leroy,Sedgwick,lsedgwickrq@cbsnews.com,80,16.44.57.64
1000,Nolly,Evensden,nevensdenrr@bizjournals.com,1,198.177.218.108
